=== CI FAILURE ===
Workflow:      Web CI
Workflow file: akarlin3/prismTask/.github/workflows/web-ci.yml@refs/pull/1836/merge
Job(s):        web-unit-tests (2, 3), web-unit-tests (1, 3), web-lint-and-test
Run ID:        28348877428
Run attempt:   1
Run URL:       https://github.com/akarlin3/prismTask/actions/runs/28348877428
Commit:        cb856b6dba832c36d6e146082eb11cfab749b937
Branch:        1836/merge
Event:         pull_request
Actor:         dependabot[bot]
Runner OS:     Linux
Timestamp:     2026-06-29T04:36:13.714Z

Failed steps:
  - web-unit-tests (2, 3): #5 Run Vitest shard 2/3
  - web-unit-tests (1, 3): #5 Run Vitest shard 1/3
  - web-lint-and-test: #2 Verify split web checks

=== FAILED JOB LOG ===

--- Job: web-unit-tests (2, 3) (id 83977578213) ---
2026-06-29T04:35:04.6593437Z Current runner version: '2.335.1'
2026-06-29T04:35:04.6616475Z ##[group]Runner Image Provisioner
2026-06-29T04:35:04.6617289Z Hosted Compute Agent
2026-06-29T04:35:04.6617771Z Version: 20260611.554
2026-06-29T04:35:04.6618258Z Commit: 5e0782fdc9014723d3be820dd114dd31555c2bd1
2026-06-29T04:35:04.6618925Z Build Date: 2026-06-11T21:40:46Z
2026-06-29T04:35:04.6619474Z Worker ID: {b0cff623-6fd6-41ac-854a-89e599ef7c35}
2026-06-29T04:35:04.6620088Z Azure Region: northcentralus
2026-06-29T04:35:04.6620631Z ##[endgroup]
2026-06-29T04:35:04.6621813Z ##[group]Operating System
2026-06-29T04:35:04.6622391Z Ubuntu
2026-06-29T04:35:04.6622821Z 24.04.4
2026-06-29T04:35:04.6623222Z LTS
2026-06-29T04:35:04.6623736Z ##[endgroup]
2026-06-29T04:35:04.6624190Z ##[group]Runner Image
2026-06-29T04:35:04.6624707Z Image: ubuntu-24.04
2026-06-29T04:35:04.6625256Z Version: 20260622.220.1
2026-06-29T04:35:04.6626466Z Included Software: https://github.com/actions/runner-images/blob/ubuntu24/20260622.220/images/ubuntu/Ubuntu2404-Readme.md
2026-06-29T04:35:04.6627676Z Image Release: https://github.com/actions/runner-images/releases/tag/ubuntu24%2F20260622.220
2026-06-29T04:35:04.6628456Z ##[endgroup]
2026-06-29T04:35:04.6629594Z ##[group]GITHUB_TOKEN Permissions
2026-06-29T04:35:04.6631514Z Actions: read
2026-06-29T04:35:04.6632040Z Checks: read
2026-06-29T04:35:04.6632535Z Contents: write
2026-06-29T04:35:04.6633013Z Metadata: read
2026-06-29T04:35:04.6633491Z PullRequests: read
2026-06-29T04:35:04.6634047Z ##[endgroup]
2026-06-29T04:35:04.6635899Z Secret source: Dependabot
2026-06-29T04:35:04.6636557Z Prepare workflow directory
2026-06-29T04:35:04.6990660Z Prepare all required actions
2026-06-29T04:35:04.7033526Z Getting action download info
2026-06-29T04:35:04.8893200Z Download action repository 'actions/checkout@v6' (SHA:df4cb1c069e1874edd31b4311f1884172cec0e10)
2026-06-29T04:35:05.0320487Z Complete job name: web-unit-tests (2, 3)
2026-06-29T04:35:05.0849105Z ##[group]Run actions/checkout@v6
2026-06-29T04:35:05.0849762Z with:
2026-06-29T04:35:05.0850144Z   repository: akarlin3/prismTask
2026-06-29T04:35:05.0853944Z   token: ***
2026-06-29T04:35:05.0854299Z   ssh-strict: true
2026-06-29T04:35:05.0854656Z   ssh-user: git
2026-06-29T04:35:05.0855020Z   persist-credentials: true
2026-06-29T04:35:05.0855411Z   clean: true
2026-06-29T04:35:05.0855909Z   sparse-checkout-cone-mode: true
2026-06-29T04:35:05.0856333Z   fetch-depth: 1
2026-06-29T04:35:05.0856675Z   fetch-tags: false
2026-06-29T04:35:05.0857024Z   show-progress: true
2026-06-29T04:35:05.0857371Z   lfs: false
2026-06-29T04:35:05.0857695Z   submodules: false
2026-06-29T04:35:05.0858052Z   set-safe-directory: true
2026-06-29T04:35:05.0858586Z ##[endgroup]
2026-06-29T04:35:05.1652925Z Syncing repository: akarlin3/prismTask
2026-06-29T04:35:05.1654418Z ##[group]Getting Git version info
2026-06-29T04:35:05.1654996Z Working directory is '/home/runner/work/prismTask/prismTask'
2026-06-29T04:35:05.1656080Z [command]/usr/bin/git version
2026-06-29T04:35:05.1687844Z git version 2.54.0
2026-06-29T04:35:05.1705860Z ##[endgroup]
2026-06-29T04:35:05.1718729Z Temporarily overriding HOME='/home/runner/work/_temp/82ec7d31-5d22-41f3-9c09-d9d9056711bd' before making global git config changes
2026-06-29T04:35:05.1720439Z Adding repository directory to the temporary git global config as a safe directory
2026-06-29T04:35:05.1723337Z [command]/usr/bin/git config --global --add safe.directory /home/runner/work/prismTask/prismTask
2026-06-29T04:35:05.1754011Z Deleting the contents of '/home/runner/work/prismTask/prismTask'
2026-06-29T04:35:05.1757344Z ##[group]Determining repository object format
2026-06-29T04:35:05.1759282Z ##[endgroup]
2026-06-29T04:35:05.1759882Z ##[group]Initializing the repository
2026-06-29T04:35:05.1763181Z [command]/usr/bin/git init /home/runner/work/prismTask/prismTask
2026-06-29T04:35:05.1854307Z hint: Using 'master' as the name for the initial branch. This default branch name
2026-06-29T04:35:05.1855574Z hint: will change to "main" in Git 3.0. To configure the initial branch name
2026-06-29T04:35:05.1857185Z hint: to use in all of your new repositories, which will suppress this warning,
2026-06-29T04:35:05.1858067Z hint: call:
2026-06-29T04:35:05.1858555Z hint:
2026-06-29T04:35:05.1859154Z hint: 	git config --global init.defaultBranch <name>
2026-06-29T04:35:05.1859692Z hint:
2026-06-29T04:35:05.1860386Z hint: Names commonly chosen instead of 'master' are 'main', 'trunk' and
2026-06-29T04:35:05.1861498Z hint: 'development'. The just-created branch can be renamed via this command:
2026-06-29T04:35:05.1862377Z hint:
2026-06-29T04:35:05.1862869Z hint: 	git branch -m <name>
2026-06-29T04:35:05.1863390Z hint:
2026-06-29T04:35:05.1863888Z hint: Disable this message with "git config set advice.defaultBranchName false"
2026-06-29T04:35:05.1864702Z Initialized empty Git repository in /home/runner/work/prismTask/prismTask/.git/
2026-06-29T04:35:05.1866467Z [command]/usr/bin/git remote add origin https://github.com/akarlin3/prismTask
2026-06-29T04:35:05.1887704Z ##[endgroup]
2026-06-29T04:35:05.1890944Z ##[group]Disabling automatic garbage collection
2026-06-29T04:35:05.1891500Z [command]/usr/bin/git config --local gc.auto 0
2026-06-29T04:35:05.1914205Z ##[endgroup]
2026-06-29T04:35:05.1915346Z ##[group]Setting up auth
2026-06-29T04:35:05.1916042Z Removing SSH command configuration
2026-06-29T04:35:05.1918819Z [command]/usr/bin/git config --local --name-only --get-regexp core\.sshCommand
2026-06-29T04:35:05.1944736Z [command]/usr/bin/git submodule foreach --recursive sh -c "git config --local --name-only --get-regexp 'core\.sshCommand' && git config --local --unset-all 'core.sshCommand' || :"
2026-06-29T04:35:05.2183694Z Removing HTTP extra header
2026-06-29T04:35:05.2189188Z [command]/usr/bin/git config --local --name-only --get-regexp http\.https\:\/\/github\.com\/\.extraheader
2026-06-29T04:35:05.2215385Z [command]/usr/bin/git submodule foreach --recursive sh -c "git config --local --name-only --get-regexp 'http\.https\:\/\/github\.com\/\.extraheader' && git config --local --unset-all 'http.https://github.com/.extraheader' || :"
2026-06-29T04:35:05.2401064Z Removing includeIf entries pointing to credentials config files
2026-06-29T04:35:05.2407372Z [command]/usr/bin/git config --local --name-only --get-regexp ^includeIf\.gitdir:
2026-06-29T04:35:05.2432792Z [command]/usr/bin/git submodule foreach --recursive git config --local --show-origin --name-only --get-regexp remote.origin.url
2026-06-29T04:35:05.2617730Z [command]/usr/bin/git config --file /home/runner/work/_temp/git-credentials-cac1110d-edb8-4f58-a3dc-f6793093bd15.config http.https://github.com/.extraheader AUTHORIZATION: basic ***
2026-06-29T04:35:05.2647824Z [command]/usr/bin/git config --local includeIf.gitdir:/home/runner/work/prismTask/prismTask/.git.path /home/runner/work/_temp/git-credentials-cac1110d-edb8-4f58-a3dc-f6793093bd15.config
2026-06-29T04:35:05.2673550Z [command]/usr/bin/git config --local includeIf.gitdir:/home/runner/work/prismTask/prismTask/.git/worktrees/*.path /home/runner/work/_temp/git-credentials-cac1110d-edb8-4f58-a3dc-f6793093bd15.config
2026-06-29T04:35:05.2698074Z [command]/usr/bin/git config --local includeIf.gitdir:/github/workspace/.git.path /github/runner_temp/git-credentials-cac1110d-edb8-4f58-a3dc-f6793093bd15.config
2026-06-29T04:35:05.2725026Z [command]/usr/bin/git config --local includeIf.gitdir:/github/workspace/.git/worktrees/*.path /github/runner_temp/git-credentials-cac1110d-edb8-4f58-a3dc-f6793093bd15.config
2026-06-29T04:35:05.2745263Z ##[endgroup]
2026-06-29T04:35:05.2746418Z ##[group]Fetching the repository
2026-06-29T04:35:05.2752095Z [command]/usr/bin/git -c protocol.version=2 fetch --no-tags --prune --no-recurse-submodules --depth=1 origin +cb856b6dba832c36d6e146082eb11cfab749b937:refs/remotes/pull/1836/merge
2026-06-29T04:35:07.2216308Z From https://github.com/akarlin3/prismTask
2026-06-29T04:35:07.2217064Z  * [new ref]         cb856b6dba832c36d6e146082eb11cfab749b937 -> pull/1836/merge
2026-06-29T04:35:07.2241615Z ##[endgroup]
2026-06-29T04:35:07.2242066Z ##[group]Determining the checkout info
2026-06-29T04:35:07.2242802Z ##[endgroup]
2026-06-29T04:35:07.2246949Z [command]/usr/bin/git sparse-checkout disable
2026-06-29T04:35:07.2278467Z [command]/usr/bin/git config --local --unset-all extensions.worktreeConfig
2026-06-29T04:35:07.2301125Z ##[group]Checking out the ref
2026-06-29T04:35:07.2303883Z [command]/usr/bin/git checkout --progress --force refs/remotes/pull/1836/merge
2026-06-29T04:35:07.4811401Z Note: switching to 'refs/remotes/pull/1836/merge'.
2026-06-29T04:35:07.4811894Z 
2026-06-29T04:35:07.4812196Z You are in 'detached HEAD' state. You can look around, make experimental
2026-06-29T04:35:07.4812924Z changes and commit them, and you can discard any commits you make in this
2026-06-29T04:35:07.4813574Z state without impacting any branches by switching back to a branch.
2026-06-29T04:35:07.4813846Z 
2026-06-29T04:35:07.4814114Z If you want to create a new branch to retain commits you create, you may
2026-06-29T04:35:07.4814579Z do so (now or later) by using -c with the switch command. Example:
2026-06-29T04:35:07.4814833Z 
2026-06-29T04:35:07.4814958Z   git switch -c <new-branch-name>
2026-06-29T04:35:07.4815127Z 
2026-06-29T04:35:07.4815265Z Or undo this operation with:
2026-06-29T04:35:07.4815426Z 
2026-06-29T04:35:07.4815525Z   git switch -
2026-06-29T04:35:07.4815848Z 
2026-06-29T04:35:07.4816161Z Turn off this advice by setting config variable advice.detachedHead to false
2026-06-29T04:35:07.4816436Z 
2026-06-29T04:35:07.4816724Z HEAD is now at cb856b6 Merge 96db8387d86d444ad463b87273506b55c8f84f26 into 1b6a080d35081309850e9e360959b556d08e6899
2026-06-29T04:35:07.4830995Z ##[endgroup]
2026-06-29T04:35:07.4865461Z [command]/usr/bin/git log -1 --format=%H
2026-06-29T04:35:07.4886763Z cb856b6dba832c36d6e146082eb11cfab749b937
2026-06-29T04:35:07.5125836Z Prepare all required actions
2026-06-29T04:35:07.5126285Z Getting action download info
2026-06-29T04:35:07.5981246Z Download action repository 'actions/setup-node@v4' (SHA:49933ea5288caeca8642d1e84afbd3f7d6820020)
2026-06-29T04:35:07.7160526Z ##[group]Run ./.github/actions/setup-node-web
2026-06-29T04:35:07.7160861Z ##[endgroup]
2026-06-29T04:35:07.7272182Z Node 20 is being deprecated. This workflow is running with Node 24 by default. If you need to temporarily use Node 20, you can set the ACTIONS_ALLOW_USE_UNSECURE_NODE_VERSION=true environment variable. For more information see: https://github.blog/changelog/2025-09-19-deprecation-of-node-20-on-github-actions-runners/
2026-06-29T04:35:07.7273915Z ##[group]Run actions/setup-node@v4
2026-06-29T04:35:07.7274201Z with:
2026-06-29T04:35:07.7274403Z   node-version: 22
2026-06-29T04:35:07.7274609Z   cache: npm
2026-06-29T04:35:07.7274842Z   cache-dependency-path: web/package-lock.json
2026-06-29T04:35:07.7275117Z   always-auth: false
2026-06-29T04:35:07.7275394Z   check-latest: false
2026-06-29T04:35:07.7278381Z   token: ***
2026-06-29T04:35:07.7278590Z ##[endgroup]
2026-06-29T04:35:07.8464549Z Found in cache @ /opt/hostedtoolcache/node/22.23.0/x64
2026-06-29T04:35:07.8467698Z (node:2105) [DEP0040] DeprecationWarning: The `punycode` module is deprecated. Please use a userland alternative instead.
2026-06-29T04:35:07.8468362Z (Use `node --trace-deprecation ...` to show where the warning was created)
2026-06-29T04:35:07.8470249Z ##[group]Environment details
2026-06-29T04:35:08.0910450Z node: v22.23.0
2026-06-29T04:35:08.0910846Z npm: 10.9.8
2026-06-29T04:35:08.0911012Z yarn: 1.22.22
2026-06-29T04:35:08.0911727Z ##[endgroup]
2026-06-29T04:35:08.0924909Z [command]/opt/hostedtoolcache/node/22.23.0/x64/bin/npm config get cache
2026-06-29T04:35:08.2026973Z /home/runner/.npm
2026-06-29T04:35:08.3116872Z npm cache is not found
2026-06-29T04:35:08.3266090Z ##[group]Run npm ci
2026-06-29T04:35:08.3266359Z [36;1mnpm ci[0m
2026-06-29T04:35:08.3609049Z shell: /usr/bin/bash --noprofile --norc -e -o pipefail {0}
2026-06-29T04:35:08.3609370Z ##[endgroup]
2026-06-29T04:35:17.9305142Z 
2026-06-29T04:35:17.9310416Z added 443 packages, and audited 444 packages in 10s
2026-06-29T04:35:17.9310729Z 
2026-06-29T04:35:17.9310896Z 94 packages are looking for funding
2026-06-29T04:35:17.9311480Z   run `npm fund` for details
2026-06-29T04:35:17.9421157Z 
2026-06-29T04:35:17.9421695Z 6 vulnerabilities (1 low, 2 moderate, 3 high)
2026-06-29T04:35:17.9422041Z 
2026-06-29T04:35:17.9422303Z To address all issues, run:
2026-06-29T04:35:17.9422715Z   npm audit fix
2026-06-29T04:35:17.9422954Z 
2026-06-29T04:35:17.9423295Z Run `npm audit` for details.
2026-06-29T04:35:17.9959285Z ##[group]Run npm run test:run -- --shard=2/3
2026-06-29T04:35:17.9959641Z [36;1mnpm run test:run -- --shard=2/3[0m
2026-06-29T04:35:17.9987425Z shell: /usr/bin/bash -e {0}
2026-06-29T04:35:17.9987650Z ##[endgroup]
2026-06-29T04:35:18.0761947Z 
2026-06-29T04:35:18.0762534Z > web@2.0.0 test:run
2026-06-29T04:35:18.0763129Z > vitest run --pool=threads --shard=2/3
2026-06-29T04:35:18.0763393Z 
2026-06-29T04:35:18.3239936Z 
2026-06-29T04:35:18.3243440Z [1m[30m[46m RUN [49m[39m[22m [36mv4.1.7 [39m[90m/home/runner/work/prismTask/prismTask/web[39m
2026-06-29T04:35:18.3244018Z 
2026-06-29T04:35:20.4898163Z  [32m✓[39m src/api/firestore/__tests__/habits.test.ts [2m([22m[2m22 tests[22m[2m)[22m[32m 16[2mms[22m[39m
2026-06-29T04:35:21.1963877Z  [32m✓[39m src/stores/__tests__/chatStore.test.ts [2m([22m[2m19 tests[22m[2m)[22m[32m 24[2mms[22m[39m
2026-06-29T04:35:21.5506195Z [90mstderr[2m | src/hooks/__tests__/useFirestoreSync.test.tsx[2m > [22m[2museFirestoreSync[2m > [22m[2msubscribes to all tracked entity types when uid is set
2026-06-29T04:35:21.5537752Z [22m[39m[medicationSlots] slot-defs backfill failed [FirebaseError: Expected first argument to collection() to be a CollectionReference, a DocumentReference or FirebaseFirestore] {
2026-06-29T04:35:21.5546486Z   code: [32m'invalid-argument'[39m,
2026-06-29T04:35:21.5596554Z   customData: [90mundefined[39m,
2026-06-29T04:35:21.5617804Z   toString: [36m[Function (anonymous)][39m
2026-06-29T04:35:21.5659422Z }
2026-06-29T04:35:21.5687073Z [useFirestoreSync] Failed to subscribe to task-completions [FirebaseError: Expected first argument to collection() to be a CollectionReference, a DocumentReference or FirebaseFirestore] {
2026-06-29T04:35:21.5711413Z   code: [32m'invalid-argument'[39m,
2026-06-29T04:35:21.5798380Z   customData: [90mundefined[39m,
2026-06-29T04:35:21.5830590Z   toString: [36m[Function (anonymous)][39m
2026-06-29T04:35:21.5856174Z }
2026-06-29T04:35:21.5884209Z [useFirestoreSync] Failed to subscribe to dormancy-threshold [FirebaseError: Expected first argument to doc() to be a CollectionReference, a DocumentReference or FirebaseFirestore] {
2026-06-29T04:35:21.5906561Z   code: [32m'invalid-argument'[39m,
2026-06-29T04:35:21.5936370Z   customData: [90mundefined[39m,
2026-06-29T04:35:21.5946325Z   toString: [36m[Function (anonymous)][39m
2026-06-29T04:35:21.5990140Z }
2026-06-29T04:35:21.6022031Z [useFirestoreSync] Failed to subscribe to courses [FirebaseError: Expected first argument to collection() to be a CollectionReference, a DocumentReference or FirebaseFirestore] {
2026-06-29T04:35:21.6038252Z   code: [32m'invalid-argument'[39m,
2026-06-29T04:35:21.6066255Z   customData: [90mundefined[39m,
2026-06-29T04:35:21.6110055Z   toString: [36m[Function (anonymous)][39m
2026-06-29T04:35:21.6156190Z }
2026-06-29T04:35:21.6187075Z [useFirestoreSync] Failed to subscribe to theme-preferences [FirebaseError: Expected first argument to doc() to be a CollectionReference, a DocumentReference or FirebaseFirestore] {
2026-06-29T04:35:21.6216233Z   code: [32m'invalid-argument'[39m,
2026-06-29T04:35:21.6256326Z   customData: [90mundefined[39m,
2026-06-29T04:35:21.6296574Z   toString: [36m[Function (anonymous)][39m
2026-06-29T04:35:21.6299838Z }
2026-06-29T04:35:21.6317071Z [useFirestoreSync] Failed to subscribe to nd-preferences [FirebaseError: Expected first argument to doc() to be a CollectionReference, a DocumentReference or FirebaseFirestore] {
2026-06-29T04:35:21.6337087Z   code: [32m'invalid-argument'[39m,
2026-06-29T04:35:21.6337917Z   customData: [90mundefined[39m,
2026-06-29T04:35:21.6342699Z   toString: [36m[Function (anonymous)][39m
2026-06-29T04:35:21.6343177Z }
2026-06-29T04:35:21.6344380Z [useFirestoreSync] Failed to subscribe to a11y-preferences [FirebaseError: Expected first argument to doc() to be a CollectionReference, a DocumentReference or FirebaseFirestore] {
2026-06-29T04:35:21.6345499Z   code: [32m'invalid-argument'[39m,
2026-06-29T04:35:21.6346429Z   customData: [90mundefined[39m,
2026-06-29T04:35:21.6346891Z   toString: [36m[Function (anonymous)][39m
2026-06-29T04:35:21.6347238Z }
2026-06-29T04:35:21.6348441Z [useFirestoreSync] Failed to subscribe to self-care-logs [FirebaseError: Expected first argument to collection() to be a CollectionReference, a DocumentReference or FirebaseFirestore] {
2026-06-29T04:35:21.6349564Z   code: [32m'invalid-argument'[39m,
2026-06-29T04:35:21.6350138Z   customData: [90mundefined[39m,
2026-06-29T04:35:21.6350596Z   toString: [36m[Function (anonymous)][39m
2026-06-29T04:35:21.6350943Z }
2026-06-29T04:35:21.6352121Z [useFirestoreSync] Failed to subscribe to self-care-steps [FirebaseError: Expected first argument to collection() to be a CollectionReference, a DocumentReference or FirebaseFirestore] {
2026-06-29T04:35:21.6353250Z   code: [32m'invalid-argument'[39m,
2026-06-29T04:35:21.6353672Z   customData: [90mundefined[39m,
2026-06-29T04:35:21.6354105Z   toString: [36m[Function (anonymous)][39m
2026-06-29T04:35:21.6354454Z }
2026-06-29T04:35:21.6355750Z [useFirestoreSync] Failed to subscribe to dashboard-preferences [FirebaseError: Expected first argument to doc() to be a CollectionReference, a DocumentReference or FirebaseFirestore] {
2026-06-29T04:35:21.6356812Z   code: [32m'invalid-argument'[39m,
2026-06-29T04:35:21.6357247Z   customData: [90mundefined[39m,
2026-06-29T04:35:21.6357706Z   toString: [36m[Function (anonymous)][39m
2026-06-29T04:35:21.6358056Z }
2026-06-29T04:35:21.6359201Z [useFirestoreSync] Failed to subscribe to advanced-tuning [FirebaseError: Expected first argument to doc() to be a CollectionReference, a DocumentReference or FirebaseFirestore] {
2026-06-29T04:35:21.6360314Z   code: [32m'invalid-argument'[39m,
2026-06-29T04:35:21.6360739Z   customData: [90mundefined[39m,
2026-06-29T04:35:21.6361181Z   toString: [36m[Function (anonymous)][39m
2026-06-29T04:35:21.6361533Z }
2026-06-29T04:35:21.6362701Z [useFirestoreSync] Failed to subscribe to rest-days [FirebaseError: Expected first argument to collection() to be a CollectionReference, a DocumentReference or FirebaseFirestore] {
2026-06-29T04:35:21.6363787Z   code: [32m'invalid-argument'[39m,
2026-06-29T04:35:21.6364211Z   customData: [90mundefined[39m,
2026-06-29T04:35:21.6364650Z   toString: [36m[Function (anonymous)][39m
2026-06-29T04:35:21.6365007Z }
2026-06-29T04:35:21.6423009Z [useFirestoreSync] Failed to subscribe to notification-profiles [FirebaseError: Expected first argument to collection() to be a CollectionReference, a DocumentReference or FirebaseFirestore] {
2026-06-29T04:35:21.6424357Z   code: [32m'invalid-argument'[39m,
2026-06-29T04:35:21.6424838Z   customData: [90mundefined[39m,
2026-06-29T04:35:21.6425297Z   toString: [36m[Function (anonymous)][39m
2026-06-29T04:35:21.6425826Z }
2026-06-29T04:35:21.6427179Z [useFirestoreSync] Failed to subscribe to active-notification-profile [FirebaseError: Expected first argument to doc() to be a CollectionReference, a DocumentReference or FirebaseFirestore] {
2026-06-29T04:35:21.6428469Z   code: [32m'invalid-argument'[39m,
2026-06-29T04:35:21.6428901Z   customData: [90mundefined[39m,
2026-06-29T04:35:21.6429349Z   toString: [36m[Function (anonymous)][39m
2026-06-29T04:35:21.6429699Z }
2026-06-29T04:35:21.6430916Z [useFirestoreSync] Failed to subscribe to custom-sounds [FirebaseError: Expected first argument to collection() to be a CollectionReference, a DocumentReference or FirebaseFirestore] {
2026-06-29T04:35:21.6432043Z   code: [32m'invalid-argument'[39m,
2026-06-29T04:35:21.6432468Z   customData: [90mundefined[39m,
2026-06-29T04:35:21.6432915Z   toString: [36m[Function (anonymous)][39m
2026-06-29T04:35:21.6433493Z }
2026-06-29T04:35:21.6434664Z [useFirestoreSync] Failed to subscribe to saved-filters [FirebaseError: Expected first argument to collection() to be a CollectionReference, a DocumentReference or FirebaseFirestore] {
2026-06-29T04:35:21.6435980Z   code: [32m'invalid-argument'[39m,
2026-06-29T04:35:21.6436384Z   customData: [90mundefined[39m,
2026-06-29T04:35:21.6437058Z   toString: [36m[Function (anonymous)][39m
2026-06-29T04:35:21.6437456Z }
2026-06-29T04:35:21.6438626Z [useFirestoreSync] Failed to subscribe to nlp-shortcuts [FirebaseError: Expected first argument to collection() to be a CollectionReference, a DocumentReference or FirebaseFirestore] {
2026-06-29T04:35:21.6439730Z   code: [32m'invalid-argument'[39m,
2026-06-29T04:35:21.6440151Z   customData: [90mundefined[39m,
2026-06-29T04:35:21.6440590Z   toString: [36m[Function (anonymous)][39m
2026-06-29T04:35:21.6440936Z }
2026-06-29T04:35:21.6442136Z [useFirestoreSync] Failed to subscribe to habit-templates [FirebaseError: Expected first argument to collection() to be a CollectionReference, a DocumentReference or FirebaseFirestore] {
2026-06-29T04:35:21.6443267Z   code: [32m'invalid-argument'[39m,
2026-06-29T04:35:21.6443689Z   customData: [90mundefined[39m,
2026-06-29T04:35:21.6444145Z   toString: [36m[Function (anonymous)][39m
2026-06-29T04:35:21.6444489Z }
2026-06-29T04:35:21.6455975Z [useFirestoreSync] Failed to subscribe to project-templates [FirebaseError: Expected first argument to collection() to be a CollectionReference, a DocumentReference or FirebaseFirestore] {
2026-06-29T04:35:21.6457200Z   code: [32m'invalid-argument'[39m,
2026-06-29T04:35:21.6457632Z   customData: [90mundefined[39m,
2026-06-29T04:35:21.6458083Z   toString: [36m[Function (anonymous)][39m
2026-06-29T04:35:21.6458436Z }
2026-06-29T04:35:21.6459621Z [useFirestoreSync] Failed to subscribe to task-timings [FirebaseError: Expected first argument to collection() to be a CollectionReference, a DocumentReference or FirebaseFirestore] {
2026-06-29T04:35:21.6460732Z   code: [32m'invalid-argument'[39m,
2026-06-29T04:35:21.6461156Z   customData: [90mundefined[39m,
2026-06-29T04:35:21.6461595Z   toString: [36m[Function (anonymous)][39m
2026-06-29T04:35:21.6461942Z }
2026-06-29T04:35:21.6463097Z [useFirestoreSync] Failed to subscribe to milestones [FirebaseError: Expected first argument to collection() to be a CollectionReference, a DocumentReference or FirebaseFirestore] {
2026-06-29T04:35:21.6464193Z   code: [32m'invalid-argument'[39m,
2026-06-29T04:35:21.6464620Z   customData: [90mundefined[39m,
2026-06-29T04:35:21.6465053Z   toString: [36m[Function (anonymous)][39m
2026-06-29T04:35:21.6465390Z }
2026-06-29T04:35:21.6466725Z [useFirestoreSync] Failed to subscribe to medication-slots-ext [FirebaseError: Expected first argument to collection() to be a CollectionReference, a DocumentReference or FirebaseFirestore] {
2026-06-29T04:35:21.6467882Z   code: [32m'invalid-argument'[39m,
2026-06-29T04:35:21.6468328Z   customData: [90mundefined[39m,
2026-06-29T04:35:21.6468775Z   toString: [36m[Function (anonymous)][39m
2026-06-29T04:35:21.6469122Z }
2026-06-29T04:35:21.6470389Z [useFirestoreSync] Failed to subscribe to medication-slot-overrides [FirebaseError: Expected first argument to collection() to be a CollectionReference, a DocumentReference or FirebaseFirestore] {
2026-06-29T04:35:21.6471576Z   code: [32m'invalid-argument'[39m,
2026-06-29T04:35:21.6472003Z   customData: [90mundefined[39m,
2026-06-29T04:35:21.6472509Z   toString: [36m[Function (anonymous)][39m
2026-06-29T04:35:21.6472857Z }
2026-06-29T04:35:21.6474091Z [useFirestoreSync] Failed to subscribe to medication-tier-states [FirebaseError: Expected first argument to collection() to be a CollectionReference, a DocumentReference or FirebaseFirestore] {
2026-06-29T04:35:21.6475249Z   code: [32m'invalid-argument'[39m,
2026-06-29T04:35:21.6475803Z   customData: [90mundefined[39m,
2026-06-29T04:35:21.6476248Z   toString: [36m[Function (anonymous)][39m
2026-06-29T04:35:21.6476764Z }
2026-06-29T04:35:21.6477986Z [useFirestoreSync] Failed to subscribe to medication-refills [FirebaseError: Expected first argument to collection() to be a CollectionReference, a DocumentReference or FirebaseFirestore] {
2026-06-29T04:35:21.6479128Z   code: [32m'invalid-argument'[39m,
2026-06-29T04:35:21.6479553Z   customData: [90mundefined[39m,
2026-06-29T04:35:21.6480153Z   toString: [36m[Function (anonymous)][39m
2026-06-29T04:35:21.6480504Z }
2026-06-29T04:35:21.6481817Z [useFirestoreSync] Failed to subscribe to daily-essential-slot-completions [FirebaseError: Expected first argument to collection() to be a CollectionReference, a DocumentReference or FirebaseFirestore] {
2026-06-29T04:35:21.6483057Z   code: [32m'invalid-argument'[39m,
2026-06-29T04:35:21.6483484Z   customData: [90mundefined[39m,
2026-06-29T04:35:21.6483923Z   toString: [36m[Function (anonymous)][39m
2026-06-29T04:35:21.6484270Z }
2026-06-29T04:35:21.6485419Z [useFirestoreSync] Failed to subscribe to sort-preferences [FirebaseError: Expected first argument to doc() to be a CollectionReference, a DocumentReference or FirebaseFirestore] {
2026-06-29T04:35:21.6527038Z   code: [32m'invalid-argument'[39m,
2026-06-29T04:35:21.6527515Z   customData: [90mundefined[39m,
2026-06-29T04:35:21.6527990Z   toString: [36m[Function (anonymous)][39m
2026-06-29T04:35:21.6528351Z }
2026-06-29T04:35:21.6528486Z 
2026-06-29T04:35:21.6529533Z [90mstderr[2m | src/hooks/__tests__/useFirestoreSync.test.tsx[2m > [22m[2museFirestoreSync[2m > [22m[2munsubscribes every listener when uid flips to null
2026-06-29T04:35:21.6531517Z [22m[39m[medicationSlots] slot-defs backfill failed [FirebaseError: Expected first argument to collection() to be a CollectionReference, a DocumentReference or FirebaseFirestore] {
2026-06-29T04:35:21.6532615Z   code: [32m'invalid-argument'[39m,
2026-06-29T04:35:21.6533061Z   customData: [90mundefined[39m,
2026-06-29T04:35:21.6533513Z   toString: [36m[Function (anonymous)][39m
2026-06-29T04:35:21.6533862Z }
2026-06-29T04:35:21.6535068Z [useFirestoreSync] Failed to subscribe to task-completions [FirebaseError: Expected first argument to collection() to be a CollectionReference, a DocumentReference or FirebaseFirestore] {
2026-06-29T04:35:21.6536353Z   code: [32m'invalid-argument'[39m,
2026-06-29T04:35:21.6536753Z   customData: [90mundefined[39m,
2026-06-29T04:35:21.6537178Z   toString: [36m[Function (anonymous)][39m
2026-06-29T04:35:21.6537521Z }
2026-06-29T04:35:21.6538669Z [useFirestoreSync] Failed to subscribe to dormancy-threshold [FirebaseError: Expected first argument to doc() to be a CollectionReference, a DocumentReference or FirebaseFirestore] {
2026-06-29T04:35:21.6539756Z   code: [32m'invalid-argument'[39m,
2026-06-29T04:35:21.6540171Z   customData: [90mundefined[39m,
2026-06-29T04:35:21.6540594Z   toString: [36m[Function (anonymous)][39m
2026-06-29T04:35:21.6540928Z }
2026-06-29T04:35:21.6542035Z [useFirestoreSync] Failed to subscribe to courses [FirebaseError: Expected first argument to collection() to be a CollectionReference, a DocumentReference or FirebaseFirestore] {
2026-06-29T04:35:21.6543118Z   code: [32m'invalid-argument'[39m,
2026-06-29T04:35:21.6543528Z   customData: [90mundefined[39m,
2026-06-29T04:35:21.6543967Z   toString: [36m[Function (anonymous)][39m
2026-06-29T04:35:21.6544306Z }
2026-06-29T04:35:21.6545452Z [useFirestoreSync] Failed to subscribe to theme-preferences [FirebaseError: Expected first argument to doc() to be a CollectionReference, a DocumentReference or FirebaseFirestore] {
2026-06-29T04:35:21.6546662Z   code: [32m'invalid-argument'[39m,
2026-06-29T04:35:21.6547082Z   customData: [90mundefined[39m,
2026-06-29T04:35:21.6547507Z   toString: [36m[Function (anonymous)][39m
2026-06-29T04:35:21.6547843Z }
2026-06-29T04:35:21.6548979Z [useFirestoreSync] Failed to subscribe to nd-preferences [FirebaseError: Expected first argument to doc() to be a CollectionReference, a DocumentReference or FirebaseFirestore] {
2026-06-29T04:35:21.6550253Z   code: [32m'invalid-argument'[39m,
2026-06-29T04:35:21.6550673Z   customData: [90mundefined[39m,
2026-06-29T04:35:21.6551113Z   toString: [36m[Function (anonymous)][39m
2026-06-29T04:35:21.6551447Z }
2026-06-29T04:35:21.6552732Z [useFirestoreSync] Failed to subscribe to a11y-preferences [FirebaseError: Expected first argument to doc() to be a CollectionReference, a DocumentReference or FirebaseFirestore] {
2026-06-29T04:35:21.6553821Z   code: [32m'invalid-argument'[39m,
2026-06-29T04:35:21.6554235Z   customData: [90mundefined[39m,
2026-06-29T04:35:21.6554673Z   toString: [36m[Function (anonymous)][39m
2026-06-29T04:35:21.6555015Z }
2026-06-29T04:35:21.6606532Z [useFirestoreSync] Failed to subscribe to self-care-logs [FirebaseError: Expected first argument to collection() to be a CollectionReference, a DocumentReference or FirebaseFirestore] {
2026-06-29T04:35:21.6607806Z   code: [32m'invalid-argument'[39m,
2026-06-29T04:35:21.6608271Z   customData: [90mundefined[39m,
2026-06-29T04:35:21.6608743Z   toString: [36m[Function (anonymous)][39m
2026-06-29T04:35:21.6609103Z }
2026-06-29T04:35:21.6610320Z [useFirestoreSync] Failed to subscribe to self-care-steps [FirebaseError: Expected first argument to collection() to be a CollectionReference, a DocumentReference or FirebaseFirestore] {
2026-06-29T04:35:21.6611465Z   code: [32m'invalid-argument'[39m,
2026-06-29T04:35:21.6611917Z   customData: [90mundefined[39m,
2026-06-29T04:35:21.6612367Z   toString: [36m[Function (anonymous)][39m
2026-06-29T04:35:21.6612712Z }
2026-06-29T04:35:21.6613891Z [useFirestoreSync] Failed to subscribe to dashboard-preferences [FirebaseError: Expected first argument to doc() to be a CollectionReference, a DocumentReference or FirebaseFirestore] {
2026-06-29T04:35:21.6614997Z   code: [32m'invalid-argument'[39m,
2026-06-29T04:35:21.6615419Z   customData: [90mundefined[39m,
2026-06-29T04:35:21.6626306Z   toString: [36m[Function (anonymous)][39m
2026-06-29T04:35:21.6626685Z }
2026-06-29T04:35:21.6627871Z [useFirestoreSync] Failed to subscribe to advanced-tuning [FirebaseError: Expected first argument to doc() to be a CollectionReference, a DocumentReference or FirebaseFirestore] {
2026-06-29T04:35:21.6628971Z   code: [32m'invalid-argument'[39m,
2026-06-29T04:35:21.6629411Z   customData: [90mundefined[39m,
2026-06-29T04:35:21.6629868Z   toString: [36m[Function (anonymous)][39m
2026-06-29T04:35:21.6630232Z }
2026-06-29T04:35:21.6631385Z [useFirestoreSync] Failed to subscribe to rest-days [FirebaseError: Expected first argument to collection() to be a CollectionReference, a DocumentReference or FirebaseFirestore] {
2026-06-29T04:35:21.6632505Z   code: [32m'invalid-argument'[39m,
2026-06-29T04:35:21.6632948Z   customData: [90mundefined[39m,
2026-06-29T04:35:21.6633391Z   toString: [36m[Function (anonymous)][39m
2026-06-29T04:35:21.6633740Z }
2026-06-29T04:35:21.6634982Z [useFirestoreSync] Failed to subscribe to notification-profiles [FirebaseError: Expected first argument to collection() to be a CollectionReference, a DocumentReference or FirebaseFirestore] {
2026-06-29T04:35:21.6636269Z   code: [32m'invalid-argument'[39m,
2026-06-29T04:35:21.6636698Z   customData: [90mundefined[39m,
2026-06-29T04:35:21.6637153Z   toString: [36m[Function (anonymous)][39m
2026-06-29T04:35:21.6637488Z }
2026-06-29T04:35:21.6638732Z [useFirestoreSync] Failed to subscribe to active-notification-profile [FirebaseError: Expected first argument to doc() to be a CollectionReference, a DocumentReference or FirebaseFirestore] {
2026-06-29T04:35:21.6639894Z   code: [32m'invalid-argument'[39m,
2026-06-29T04:35:21.6640321Z   customData: [90mundefined[39m,
2026-06-29T04:35:21.6640765Z   toString: [36m[Function (anonymous)][39m
2026-06-29T04:35:21.6641108Z }
2026-06-29T04:35:21.6642281Z [useFirestoreSync] Failed to subscribe to custom-sounds [FirebaseError: Expected first argument to collection() to be a CollectionReference, a DocumentReference or FirebaseFirestore] {
2026-06-29T04:35:21.6643380Z   code: [32m'invalid-argument'[39m,
2026-06-29T04:35:21.6644029Z   customData: [90mundefined[39m,
2026-06-29T04:35:21.6644458Z   toString: [36m[Function (anonymous)][39m
2026-06-29T04:35:21.6644804Z }
2026-06-29T04:35:21.6716509Z [useFirestoreSync] Failed to subscribe to saved-filters [FirebaseError: Expected first argument to collection() to be a CollectionReference, a DocumentReference or FirebaseFirestore] {
2026-06-29T04:35:21.6718078Z   code: [32m'invalid-argument'[39m,
2026-06-29T04:35:21.6718543Z   customData: [90mundefined[39m,
2026-06-29T04:35:21.6719006Z   toString: [36m[Function (anonymous)][39m
2026-06-29T04:35:21.6719367Z }
2026-06-29T04:35:21.6720574Z [useFirestoreSync] Failed to subscribe to nlp-shortcuts [FirebaseError: Expected first argument to collection() to be a CollectionReference, a DocumentReference or FirebaseFirestore] {
2026-06-29T04:35:21.6721708Z   code: [32m'invalid-argument'[39m,
2026-06-29T04:35:21.6722148Z   customData: [90mundefined[39m,
2026-06-29T04:35:21.6722601Z   toString: [36m[Function (anonymous)][39m
2026-06-29T04:35:21.6722949Z }
2026-06-29T04:35:21.6724128Z [useFirestoreSync] Failed to subscribe to habit-templates [FirebaseError: Expected first argument to collection() to be a CollectionReference, a DocumentReference or FirebaseFirestore] {
2026-06-29T04:35:21.6725239Z   code: [32m'invalid-argument'[39m,
2026-06-29T04:35:21.6725807Z   customData: [90mundefined[39m,
2026-06-29T04:35:21.6726191Z   toString: [36m[Function (anonymous)][39m
2026-06-29T04:35:21.6726502Z }
2026-06-29T04:35:21.6727466Z [useFirestoreSync] Failed to subscribe to project-templates [FirebaseError: Expected first argument to collection() to be a CollectionReference, a DocumentReference or FirebaseFirestore] {
2026-06-29T04:35:21.6728462Z   code: [32m'invalid-argument'[39m,
2026-06-29T04:35:21.6728818Z   customData: [90mundefined[39m,
2026-06-29T04:35:21.6729205Z   toString: [36m[Function (anonymous)][39m
2026-06-29T04:35:21.6729490Z }
2026-06-29T04:35:21.6730457Z [useFirestoreSync] Failed to subscribe to task-timings [FirebaseError: Expected first argument to collection() to be a CollectionReference, a DocumentReference or FirebaseFirestore] {
2026-06-29T04:35:21.6731475Z   code: [32m'invalid-argument'[39m,
2026-06-29T04:35:21.6731903Z   customData: [90mundefined[39m,
2026-06-29T04:35:21.6732358Z   toString: [36m[Function (anonymous)][39m
2026-06-29T04:35:21.6732709Z }
2026-06-29T04:35:21.6733792Z [useFirestoreSync] Failed to subscribe to milestones [FirebaseError: Expected first argument to collection() to be a CollectionReference, a DocumentReference or FirebaseFirestore] {
2026-06-29T04:35:21.6734908Z   code: [32m'invalid-argument'[39m,
2026-06-29T04:35:21.6735348Z   customData: [90mundefined[39m,
2026-06-29T04:35:21.6736021Z   toString: [36m[Function (anonymous)][39m
2026-06-29T04:35:21.6736373Z }
2026-06-29T04:35:21.6737620Z [useFirestoreSync] Failed to subscribe to medication-slots-ext [FirebaseError: Expected first argument to collection() to be a CollectionReference, a DocumentReference or FirebaseFirestore] {
2026-06-29T04:35:21.6738790Z   code: [32m'invalid-argument'[39m,
2026-06-29T04:35:21.6739220Z   customData: [90mundefined[39m,
2026-06-29T04:35:21.6856532Z   toString: [36m[Function (anonymous)][39m
2026-06-29T04:35:21.6856926Z }
2026-06-29T04:35:21.6858250Z [useFirestoreSync] Failed to subscribe to medication-slot-overrides [FirebaseError: Expected first argument to collection() to be a CollectionReference, a DocumentReference or FirebaseFirestore] {
2026-06-29T04:35:21.6859456Z   code: [32m'invalid-argument'[39m,
2026-06-29T04:35:21.6859910Z   customData: [90mundefined[39m,
2026-06-29T04:35:21.6860361Z   toString: [36m[Function (anonymous)][39m
2026-06-29T04:35:21.6860711Z }
2026-06-29T04:35:21.6861965Z [useFirestoreSync] Failed to subscribe to medication-tier-states [FirebaseError: Expected first argument to collection() to be a CollectionReference, a DocumentReference or FirebaseFirestore] {
2026-06-29T04:35:21.6863130Z   code: [32m'invalid-argument'[39m,
2026-06-29T04:35:21.6863850Z   customData: [90mundefined[39m,
2026-06-29T04:35:21.6864299Z   toString: [36m[Function (anonymous)][39m
2026-06-29T04:35:21.6864660Z }
2026-06-29T04:35:21.6865990Z [useFirestoreSync] Failed to subscribe to medication-refills [FirebaseError: Expected first argument to collection() to be a CollectionReference, a DocumentReference or FirebaseFirestore] {
2026-06-29T04:35:21.6867284Z   code: [32m'invalid-argument'[39m,
2026-06-29T04:35:21.6867712Z   customData: [90mundefined[39m,
2026-06-29T04:35:21.6868156Z   toString: [36m[Function (anonymous)][39m
2026-06-29T04:35:21.6868504Z }
2026-06-29T04:35:21.6869830Z [useFirestoreSync] Failed to subscribe to daily-essential-slot-completions [FirebaseError: Expected first argument to collection() to be a CollectionReference, a DocumentReference or FirebaseFirestore] {
2026-06-29T04:35:21.6871054Z   code: [32m'invalid-argument'[39m,
2026-06-29T04:35:21.6871494Z   customData: [90mundefined[39m,
2026-06-29T04:35:21.6871932Z   toString: [36m[Function (anonymous)][39m
2026-06-29T04:35:21.6872275Z }
2026-06-29T04:35:21.6873471Z [useFirestoreSync] Failed to subscribe to sort-preferences [FirebaseError: Expected first argument to doc() to be a CollectionReference, a DocumentReference or FirebaseFirestore] {
2026-06-29T04:35:21.6874565Z   code: [32m'invalid-argument'[39m,
2026-06-29T04:35:21.6874988Z   customData: [90mundefined[39m,
2026-06-29T04:35:21.6875434Z   toString: [36m[Function (anonymous)][39m
2026-06-29T04:35:21.6875877Z }
2026-06-29T04:35:21.6875993Z 
2026-06-29T04:35:21.6877123Z [90mstderr[2m | src/hooks/__tests__/useFirestoreSync.test.tsx[2m > [22m[2museFirestoreSync[2m > [22m[2munsubscribes the previous uid before subscribing to the new uid
2026-06-29T04:35:21.6879137Z [22m[39m[medicationSlots] slot-defs backfill failed [FirebaseError: Expected first argument to collection() to be a CollectionReference, a DocumentReference or FirebaseFirestore] {
2026-06-29T04:35:21.6880236Z   code: [32m'invalid-argument'[39m,
2026-06-29T04:35:21.6880658Z   customData: [90mundefined[39m,
2026-06-29T04:35:21.6881100Z   toString: [36m[Function (anonymous)][39m
2026-06-29T04:35:21.6881437Z }
2026-06-29T04:35:21.6882629Z [useFirestoreSync] Failed to subscribe to task-completions [FirebaseError: Expected first argument to collection() to be a CollectionReference, a DocumentReference or FirebaseFirestore] {
2026-06-29T04:35:21.6883759Z   code: [32m'invalid-argument'[39m,
2026-06-29T04:35:21.6884169Z   customData: [90mundefined[39m,
2026-06-29T04:35:21.6884607Z   toString: [36m[Function (anonymous)][39m
2026-06-29T04:35:21.6884962Z }
2026-06-29T04:35:21.6976842Z [useFirestoreSync] Failed to subscribe to dormancy-threshold [FirebaseError: Expected first argument to doc() to be a CollectionReference, a DocumentReference or FirebaseFirestore] {
2026-06-29T04:35:21.6978202Z   code: [32m'invalid-argument'[39m,
2026-06-29T04:35:21.6978675Z   customData: [90mundefined[39m,
2026-06-29T04:35:21.6979133Z   toString: [36m[Function (anonymous)][39m
2026-06-29T04:35:21.6979513Z }
2026-06-29T04:35:21.6980677Z [useFirestoreSync] Failed to subscribe to courses [FirebaseError: Expected first argument to collection() to be a CollectionReference, a DocumentReference or FirebaseFirestore] {
2026-06-29T04:35:21.6981782Z   code: [32m'invalid-argument'[39m,
2026-06-29T04:35:21.6982211Z   customData: [90mundefined[39m,
2026-06-29T04:35:21.6982679Z   toString: [36m[Function (anonymous)][39m
2026-06-29T04:35:21.6983029Z }
2026-06-29T04:35:21.6984195Z [useFirestoreSync] Failed to subscribe to theme-preferences [FirebaseError: Expected first argument to doc() to be a CollectionReference, a DocumentReference or FirebaseFirestore] {
2026-06-29T04:35:21.6985285Z   code: [32m'invalid-argument'[39m,
2026-06-29T04:35:21.6985834Z   customData: [90mundefined[39m,
2026-06-29T04:35:21.6986295Z   toString: [36m[Function (anonymous)][39m
2026-06-29T04:35:21.6986637Z }
2026-06-29T04:35:21.6987766Z [useFirestoreSync] Failed to subscribe to nd-preferences [FirebaseError: Expected first argument to doc() to be a CollectionReference, a DocumentReference or FirebaseFirestore] {
2026-06-29T04:35:21.6989084Z   code: [32m'invalid-argument'[39m,
2026-06-29T04:35:21.6989500Z   customData: [90mundefined[39m,
2026-06-29T04:35:21.6989947Z   toString: [36m[Function (anonymous)][39m
2026-06-29T04:35:21.6990286Z }
2026-06-29T04:35:21.6991549Z [useFirestoreSync] Failed to subscribe to a11y-preferences [FirebaseError: Expected first argument to doc() to be a CollectionReference, a DocumentReference or FirebaseFirestore] {
2026-06-29T04:35:21.6992620Z   code: [32m'invalid-argument'[39m,
2026-06-29T04:35:21.6993031Z   customData: [90mundefined[39m,
2026-06-29T04:35:21.6993463Z   toString: [36m[Function (anonymous)][39m
2026-06-29T04:35:21.6993797Z }
2026-06-29T04:35:21.6994961Z [useFirestoreSync] Failed to subscribe to self-care-logs [FirebaseError: Expected first argument to collection() to be a CollectionReference, a DocumentReference or FirebaseFirestore] {
2026-06-29T04:35:21.6996159Z   code: [32m'invalid-argument'[39m,
2026-06-29T04:35:21.6996576Z   customData: [90mundefined[39m,
2026-06-29T04:35:21.6997010Z   toString: [36m[Function (anonymous)][39m
2026-06-29T04:35:21.6997349Z }
2026-06-29T04:35:21.6998531Z [useFirestoreSync] Failed to subscribe to self-care-steps [FirebaseError: Expected first argument to collection() to be a CollectionReference, a DocumentReference or FirebaseFirestore] {
2026-06-29T04:35:21.6999658Z   code: [32m'invalid-argument'[39m,
2026-06-29T04:35:21.7000073Z   customData: [90mundefined[39m,
2026-06-29T04:35:21.7000513Z   toString: [36m[Function (anonymous)][39m
2026-06-29T04:35:21.7000850Z }
2026-06-29T04:35:21.7002025Z [useFirestoreSync] Failed to subscribe to dashboard-preferences [FirebaseError: Expected first argument to doc() to be a CollectionReference, a DocumentReference or FirebaseFirestore] {
2026-06-29T04:35:21.7003131Z   code: [32m'invalid-argument'[39m,
2026-06-29T04:35:21.7003549Z   customData: [90mundefined[39m,
2026-06-29T04:35:21.7004004Z   toString: [36m[Function (anonymous)][39m
2026-06-29T04:35:21.7004347Z }
2026-06-29T04:35:21.7005489Z [useFirestoreSync] Failed to subscribe to advanced-tuning [FirebaseError: Expected first argument to doc() to be a CollectionReference, a DocumentReference or FirebaseFirestore] {
2026-06-29T04:35:21.7057159Z   code: [32m'invalid-argument'[39m,
2026-06-29T04:35:21.7057660Z   customData: [90mundefined[39m,
2026-06-29T04:35:21.7058120Z   toString: [36m[Function (anonymous)][39m
2026-06-29T04:35:21.7058480Z }
2026-06-29T04:35:21.7059978Z [useFirestoreSync] Failed to subscribe to rest-days [FirebaseError: Expected first argument to collection() to be a CollectionReference, a DocumentReference or FirebaseFirestore] {
2026-06-29T04:35:21.7061124Z   code: [32m'invalid-argument'[39m,
2026-06-29T04:35:21.7061567Z   customData: [90mundefined[39m,
2026-06-29T04:35:21.7062012Z   toString: [36m[Function (anonymous)][39m
2026-06-29T04:35:21.7062362Z }
2026-06-29T04:35:21.7063618Z [useFirestoreSync] Failed to subscribe to notification-profiles [FirebaseError: Expected first argument to collection() to be a CollectionReference, a DocumentReference or FirebaseFirestore] {
2026-06-29T04:35:21.7064789Z   code: [32m'invalid-argument'[39m,
2026-06-29T04:35:21.7065219Z   customData: [90mundefined[39m,
2026-06-29T04:35:21.7065931Z   toString: [36m[Function (anonymous)][39m
2026-06-29T04:35:21.7066286Z }
2026-06-29T04:35:21.7067509Z [useFirestoreSync] Failed to subscribe to active-notification-profile [FirebaseError: Expected first argument to doc() to be a CollectionReference, a DocumentReference or FirebaseFirestore] {
2026-06-29T04:35:21.7068880Z   code: [32m'invalid-argument'[39m,
2026-06-29T04:35:21.7069312Z   customData: [90mundefined[39m,
2026-06-29T04:35:21.7069747Z   toString: [36m[Function (anonymous)][39m
2026-06-29T04:35:21.7070100Z }
2026-06-29T04:35:21.7071274Z [useFirestoreSync] Failed to subscribe to custom-sounds [FirebaseError: Expected first argument to collection() to be a CollectionReference, a DocumentReference or FirebaseFirestore] {
2026-06-29T04:35:21.7072708Z   code: [32m'invalid-argument'[39m,
2026-06-29T04:35:21.7073139Z   customData: [90mundefined[39m,
2026-06-29T04:35:21.7073597Z   toString: [36m[Function (anonymous)][39m
2026-06-29T04:35:21.7073944Z }
2026-06-29T04:35:21.7075253Z [useFirestoreSync] Failed to subscribe to saved-filters [FirebaseError: Expected first argument to collection() to be a CollectionReference, a DocumentReference or FirebaseFirestore] {
2026-06-29T04:35:21.7076514Z   code: [32m'invalid-argument'[39m,
2026-06-29T04:35:21.7076945Z   customData: [90mundefined[39m,
2026-06-29T04:35:21.7077394Z   toString: [36m[Function (anonymous)][39m
2026-06-29T04:35:21.7077773Z }
2026-06-29T04:35:21.7078940Z [useFirestoreSync] Failed to subscribe to nlp-shortcuts [FirebaseError: Expected first argument to collection() to be a CollectionReference, a DocumentReference or FirebaseFirestore] {
2026-06-29T04:35:21.7080030Z   code: [32m'invalid-argument'[39m,
2026-06-29T04:35:21.7080453Z   customData: [90mundefined[39m,
2026-06-29T04:35:21.7080884Z   toString: [36m[Function (anonymous)][39m
2026-06-29T04:35:21.7081222Z }
2026-06-29T04:35:21.7082404Z [useFirestoreSync] Failed to subscribe to habit-templates [FirebaseError: Expected first argument to collection() to be a CollectionReference, a DocumentReference or FirebaseFirestore] {
2026-06-29T04:35:21.7083532Z   code: [32m'invalid-argument'[39m,
2026-06-29T04:35:21.7083956Z   customData: [90mundefined[39m,
2026-06-29T04:35:21.7084397Z   toString: [36m[Function (anonymous)][39m
2026-06-29T04:35:21.7084741Z }
2026-06-29T04:35:21.7086175Z [useFirestoreSync] Failed to subscribe to project-templates [FirebaseError: Expected first argument to collection() to be a CollectionReference, a DocumentReference or FirebaseFirestore] {
2026-06-29T04:35:21.7087327Z   code: [32m'invalid-argument'[39m,
2026-06-29T04:35:21.7087755Z   customData: [90mundefined[39m,
2026-06-29T04:35:21.7088188Z   toString: [36m[Function (anonymous)][39m
2026-06-29T04:35:21.7088534Z }
2026-06-29T04:35:21.7089630Z [useFirestoreSync] Failed to subscribe to task-timings [FirebaseError: Expected first argument to collection() to be a CollectionReference, a DocumentReference or FirebaseFirestore] {
2026-06-29T04:35:21.7090729Z   code: [32m'invalid-argument'[39m,
2026-06-29T04:35:21.7091158Z   customData: [90mundefined[39m,
2026-06-29T04:35:21.7091616Z   toString: [36m[Function (anonymous)][39m
2026-06-29T04:35:21.7091962Z }
2026-06-29T04:35:21.7093101Z [useFirestoreSync] Failed to subscribe to milestones [FirebaseError: Expected first argument to collection() to be a CollectionReference, a DocumentReference or FirebaseFirestore] {
2026-06-29T04:35:21.7094174Z   code: [32m'invalid-argument'[39m,
2026-06-29T04:35:21.7094603Z   customData: [90mundefined[39m,
2026-06-29T04:35:21.7095053Z   toString: [36m[Function (anonymous)][39m
2026-06-29T04:35:21.7095416Z }
2026-06-29T04:35:21.7096878Z [useFirestoreSync] Failed to subscribe to medication-slots-ext [FirebaseError: Expected first argument to collection() to be a CollectionReference, a DocumentReference or FirebaseFirestore] {
2026-06-29T04:35:21.7098064Z   code: [32m'invalid-argument'[39m,
2026-06-29T04:35:21.7098500Z   customData: [90mundefined[39m,
2026-06-29T04:35:21.7098930Z   toString: [36m[Function (anonymous)][39m
2026-06-29T04:35:21.7099280Z }
2026-06-29T04:35:21.7100575Z [useFirestoreSync] Failed to subscribe to medication-slot-overrides [FirebaseError: Expected first argument to collection() to be a CollectionReference, a DocumentReference or FirebaseFirestore] {
2026-06-29T04:35:21.7101749Z   code: [32m'invalid-argument'[39m,
2026-06-29T04:35:21.7102207Z   customData: [90mundefined[39m,
2026-06-29T04:35:21.7102644Z   toString: [36m[Function (anonymous)][39m
2026-06-29T04:35:21.7103012Z }
2026-06-29T04:35:21.7104240Z [useFirestoreSync] Failed to subscribe to medication-tier-states [FirebaseError: Expected first argument to collection() to be a CollectionReference, a DocumentReference or FirebaseFirestore] {
2026-06-29T04:35:21.7105745Z   code: [32m'invalid-argument'[39m,
2026-06-29T04:35:21.7106194Z   customData: [90mundefined[39m,
2026-06-29T04:35:21.7106669Z   toString: [36m[Function (anonymous)][39m
2026-06-29T04:35:21.7107023Z }
2026-06-29T04:35:21.7108409Z [useFirestoreSync] Failed to subscribe to medication-refills [FirebaseError: Expected first argument to collection() to be a CollectionReference, a DocumentReference or FirebaseFirestore] {
2026-06-29T04:35:21.7109543Z   code: [32m'invalid-argument'[39m,
2026-06-29T04:35:21.7109959Z   customData: [90mundefined[39m,
2026-06-29T04:35:21.7110381Z   toString: [36m[Function (anonymous)][39m
2026-06-29T04:35:21.7110718Z }
2026-06-29T04:35:21.7112016Z [useFirestoreSync] Failed to subscribe to daily-essential-slot-completions [FirebaseError: Expected first argument to collection() to be a CollectionReference, a DocumentReference or FirebaseFirestore] {
2026-06-29T04:35:21.7113243Z   code: [32m'invalid-argument'[39m,
2026-06-29T04:35:21.7113714Z   customData: [90mundefined[39m,
2026-06-29T04:35:21.7114153Z   toString: [36m[Function (anonymous)][39m
2026-06-29T04:35:21.7114502Z }
2026-06-29T04:35:21.7115866Z [useFirestoreSync] Failed to subscribe to sort-preferences [FirebaseError: Expected first argument to doc() to be a CollectionReference, a DocumentReference or FirebaseFirestore] {
2026-06-29T04:35:21.7116999Z   code: [32m'invalid-argument'[39m,
2026-06-29T04:35:21.7117417Z   customData: [90mundefined[39m,
2026-06-29T04:35:21.7117873Z   toString: [36m[Function (anonymous)][39m
2026-06-29T04:35:21.7118221Z }
2026-06-29T04:35:21.7119302Z [medicationSlots] slot-defs backfill failed [FirebaseError: Expected first argument to collection() to be a CollectionReference, a DocumentReference or FirebaseFirestore] {
2026-06-29T04:35:21.7120327Z   code: [32m'invalid-argument'[39m,
2026-06-29T04:35:21.7120760Z   customData: [90mundefined[39m,
2026-06-29T04:35:21.7121198Z   toString: [36m[Function (anonymous)][39m
2026-06-29T04:35:21.7121546Z }
2026-06-29T04:35:21.7122727Z [useFirestoreSync] Failed to subscribe to task-completions [FirebaseError: Expected first argument to collection() to be a CollectionReference, a DocumentReference or FirebaseFirestore] {
2026-06-29T04:35:21.7123817Z   code: [32m'invalid-argument'[39m,
2026-06-29T04:35:21.7124242Z   customData: [90mundefined[39m,
2026-06-29T04:35:21.7124699Z   toString: [36m[Function (anonymous)][39m
2026-06-29T04:35:21.7124998Z }
2026-06-29T04:35:21.7126231Z [useFirestoreSync] Failed to subscribe to dormancy-threshold [FirebaseError: Expected first argument to doc() to be a CollectionReference, a DocumentReference or FirebaseFirestore] {
2026-06-29T04:35:21.7127338Z   code: [32m'invalid-argument'[39m,
2026-06-29T04:35:21.7127783Z   customData: [90mundefined[39m,
2026-06-29T04:35:21.7128228Z   toString: [36m[Function (anonymous)][39m
2026-06-29T04:35:21.7128561Z }
2026-06-29T04:35:21.7129673Z [useFirestoreSync] Failed to subscribe to courses [FirebaseError: Expected first argument to collection() to be a CollectionReference, a DocumentReference or FirebaseFirestore] {
2026-06-29T04:35:21.7130755Z   code: [32m'invalid-argument'[39m,
2026-06-29T04:35:21.7131166Z   customData: [90mundefined[39m,
2026-06-29T04:35:21.7131608Z   toString: [36m[Function (anonymous)][39m
2026-06-29T04:35:21.7131932Z }
2026-06-29T04:35:21.7133018Z [useFirestoreSync] Failed to subscribe to theme-preferences [FirebaseError: Expected first argument to doc() to be a CollectionReference, a DocumentReference or FirebaseFirestore] {
2026-06-29T04:35:21.7134098Z   code: [32m'invalid-argument'[39m,
2026-06-29T04:35:21.7134531Z   customData: [90mundefined[39m,
2026-06-29T04:35:21.7134967Z   toString: [36m[Function (anonymous)][39m
2026-06-29T04:35:21.7135306Z }
2026-06-29T04:35:21.7136748Z [useFirestoreSync] Failed to subscribe to nd-preferences [FirebaseError: Expected first argument to doc() to be a CollectionReference, a DocumentReference or FirebaseFirestore] {
2026-06-29T04:35:21.7138067Z   code: [32m'invalid-argument'[39m,
2026-06-29T04:35:21.7138503Z   customData: [90mundefined[39m,
2026-06-29T04:35:21.7138959Z   toString: [36m[Function (anonymous)][39m
2026-06-29T04:35:21.7139307Z }
2026-06-29T04:35:21.7140576Z [useFirestoreSync] Failed to subscribe to a11y-preferences [FirebaseError: Expected first argument to doc() to be a CollectionReference, a DocumentReference or FirebaseFirestore] {
2026-06-29T04:35:21.7141693Z   code: [32m'invalid-argument'[39m,
2026-06-29T04:35:21.7142118Z   customData: [90mundefined[39m,
2026-06-29T04:35:21.7142566Z   toString: [36m[Function (anonymous)][39m
2026-06-29T04:35:21.7142904Z }
2026-06-29T04:35:21.7144076Z [useFirestoreSync] Failed to subscribe to self-care-logs [FirebaseError: Expected first argument to collection() to be a CollectionReference, a DocumentReference or FirebaseFirestore] {
2026-06-29T04:35:21.7145215Z   code: [32m'invalid-argument'[39m,
2026-06-29T04:35:21.7145908Z   customData: [90mundefined[39m,
2026-06-29T04:35:21.7146360Z   toString: [36m[Function (anonymous)][39m
2026-06-29T04:35:21.7146705Z }
2026-06-29T04:35:21.7147871Z [useFirestoreSync] Failed to subscribe to self-care-steps [FirebaseError: Expected first argument to collection() to be a CollectionReference, a DocumentReference or FirebaseFirestore] {
2026-06-29T04:35:21.7148992Z   code: [32m'invalid-argument'[39m,
2026-06-29T04:35:21.7149425Z   customData: [90mundefined[39m,
2026-06-29T04:35:21.7149871Z   toString: [36m[Function (anonymous)][39m
2026-06-29T04:35:21.7150222Z }
2026-06-29T04:35:21.7151380Z [useFirestoreSync] Failed to subscribe to dashboard-preferences [FirebaseError: Expected first argument to doc() to be a CollectionReference, a DocumentReference or FirebaseFirestore] {
2026-06-29T04:35:21.7152544Z   code: [32m'invalid-argument'[39m,
2026-06-29T04:35:21.7152976Z   customData: [90mundefined[39m,
2026-06-29T04:35:21.7153421Z   toString: [36m[Function (anonymous)][39m
2026-06-29T04:35:21.7153766Z }
2026-06-29T04:35:21.7154916Z [useFirestoreSync] Failed to subscribe to advanced-tuning [FirebaseError: Expected first argument to doc() to be a CollectionReference, a DocumentReference or FirebaseFirestore] {
2026-06-29T04:35:21.7156181Z   code: [32m'invalid-argument'[39m,
2026-06-29T04:35:21.7156594Z   customData: [90mundefined[39m,
2026-06-29T04:35:21.7157046Z   toString: [36m[Function (anonymous)][39m
2026-06-29T04:35:21.7157385Z }
2026-06-29T04:35:21.7158494Z [useFirestoreSync] Failed to subscribe to rest-days [FirebaseError: Expected first argument to collection() to be a CollectionReference, a DocumentReference or FirebaseFirestore] {
2026-06-29T04:35:21.7159568Z   code: [32m'invalid-argument'[39m,
2026-06-29T04:35:21.7159990Z   customData: [90mundefined[39m,
2026-06-29T04:35:21.7160430Z   toString: [36m[Function (anonymous)][39m
2026-06-29T04:35:21.7160778Z }
2026-06-29T04:35:21.7162023Z [useFirestoreSync] Failed to subscribe to notification-profiles [FirebaseError: Expected first argument to collection() to be a CollectionReference, a DocumentReference or FirebaseFirestore] {
2026-06-29T04:35:21.7163186Z   code: [32m'invalid-argument'[39m,
2026-06-29T04:35:21.7163612Z   customData: [90mundefined[39m,
2026-06-29T04:35:21.7164060Z   toString: [36m[Function (anonymous)][39m
2026-06-29T04:35:21.7164407Z }
2026-06-29T04:35:21.7165964Z [useFirestoreSync] Failed to subscribe to active-notification-profile [FirebaseError: Expected first argument to doc() to be a CollectionReference, a DocumentReference or FirebaseFirestore] {
2026-06-29T04:35:21.7167172Z   code: [32m'invalid-argument'[39m,
2026-06-29T04:35:21.7167613Z   customData: [90mundefined[39m,
2026-06-29T04:35:21.7168062Z   toString: [36m[Function (anonymous)][39m
2026-06-29T04:35:21.7226089Z }
2026-06-29T04:35:21.7227363Z [useFirestoreSync] Failed to subscribe to custom-sounds [FirebaseError: Expected first argument to collection() to be a CollectionReference, a DocumentReference or FirebaseFirestore] {
2026-06-29T04:35:21.7228990Z   code: [32m'invalid-argument'[39m,
2026-06-29T04:35:21.7229502Z   customData: [90mundefined[39m,
2026-06-29T04:35:21.7230006Z   toString: [36m[Function (anonymous)][39m
2026-06-29T04:35:21.7230389Z }
2026-06-29T04:35:21.7231908Z [useFirestoreSync] Failed to subscribe to saved-filters [FirebaseError: Expected first argument to collection() to be a CollectionReference, a DocumentReference or FirebaseFirestore] {
2026-06-29T04:35:21.7233272Z   code: [32m'invalid-argument'[39m,
2026-06-29T04:35:21.7233762Z   customData: [90mundefined[39m,
2026-06-29T04:35:21.7234251Z   toString: [36m[Function (anonymous)][39m
2026-06-29T04:35:21.7234647Z }
2026-06-29T04:35:21.7236165Z [useFirestoreSync] Failed to subscribe to nlp-shortcuts [FirebaseError: Expected first argument to collection() to be a CollectionReference, a DocumentReference or FirebaseFirestore] {
2026-06-29T04:35:21.7237338Z   code: [32m'invalid-argument'[39m,
2026-06-29T04:35:21.7237784Z   customData: [90mundefined[39m,
2026-06-29T04:35:21.7238230Z   toString: [36m[Function (anonymous)][39m
2026-06-29T04:35:21.7238563Z }
2026-06-29T04:35:21.7239735Z [useFirestoreSync] Failed to subscribe to habit-templates [FirebaseError: Expected first argument to collection() to be a CollectionReference, a DocumentReference or FirebaseFirestore] {
2026-06-29T04:35:21.7240885Z   code: [32m'invalid-argument'[39m,
2026-06-29T04:35:21.7241334Z   customData: [90mundefined[39m,
2026-06-29T04:35:21.7241799Z   toString: [36m[Function (anonymous)][39m
2026-06-29T04:35:21.7242153Z }
2026-06-29T04:35:21.7243348Z [useFirestoreSync] Failed to subscribe to project-templates [FirebaseError: Expected first argument to collection() to be a CollectionReference, a DocumentReference or FirebaseFirestore] {
2026-06-29T04:35:21.7244524Z   code: [32m'invalid-argument'[39m,
2026-06-29T04:35:21.7244969Z   customData: [90mundefined[39m,
2026-06-29T04:35:21.7245401Z   toString: [36m[Function (anonymous)][39m
2026-06-29T04:35:21.7246127Z }
2026-06-29T04:35:21.7247288Z [useFirestoreSync] Failed to subscribe to task-timings [FirebaseError: Expected first argument to collection() to be a CollectionReference, a DocumentReference or FirebaseFirestore] {
2026-06-29T04:35:21.7248441Z   code: [32m'invalid-argument'[39m,
2026-06-29T04:35:21.7248871Z   customData: [90mundefined[39m,
2026-06-29T04:35:21.7249307Z   toString: [36m[Function (anonymous)][39m
2026-06-29T04:35:21.7249668Z }
2026-06-29T04:35:21.7250798Z [useFirestoreSync] Failed to subscribe to milestones [FirebaseError: Expected first argument to collection() to be a CollectionReference, a DocumentReference or FirebaseFirestore] {
2026-06-29T04:35:21.7251932Z   code: [32m'invalid-argument'[39m,
2026-06-29T04:35:21.7252360Z   customData: [90mundefined[39m,
2026-06-29T04:35:21.7252815Z   toString: [36m[Function (anonymous)][39m
2026-06-29T04:35:21.7253164Z }
2026-06-29T04:35:21.7254384Z [useFirestoreSync] Failed to subscribe to medication-slots-ext [FirebaseError: Expected first argument to collection() to be a CollectionReference, a DocumentReference or FirebaseFirestore] {
2026-06-29T04:35:21.7269362Z   code: [32m'invalid-argument'[39m,
2026-06-29T04:35:21.7269998Z   customData: [90mundefined[39m,
2026-06-29T04:35:21.7270487Z   toString: [36m[Function (anonymous)][39m
2026-06-29T04:35:21.7270856Z }
2026-06-29T04:35:21.7272122Z [useFirestoreSync] Failed to subscribe to medication-slot-overrides [FirebaseError: Expected first argument to collection() to be a CollectionReference, a DocumentReference or FirebaseFirestore] {
2026-06-29T04:35:21.7273446Z   code: [32m'invalid-argument'[39m,
2026-06-29T04:35:21.7273924Z   customData: [90mundefined[39m,
2026-06-29T04:35:21.7274398Z   toString: [36m[Function (anonymous)][39m
2026-06-29T04:35:21.7274800Z }
2026-06-29T04:35:21.7276315Z [useFirestoreSync] Failed to subscribe to medication-tier-states [FirebaseError: Expected first argument to collection() to be a CollectionReference, a DocumentReference or FirebaseFirestore] {
2026-06-29T04:35:21.7277599Z   code: [32m'invalid-argument'[39m,
2026-06-29T04:35:21.7278337Z   customData: [90mundefined[39m,
2026-06-29T04:35:21.7278830Z   toString: [36m[Function (anonymous)][39m
2026-06-29T04:35:21.7279202Z }
2026-06-29T04:35:21.7280649Z [useFirestoreSync] Failed to subscribe to medication-refills [FirebaseError: Expected first argument to collection() to be a CollectionReference, a DocumentReference or FirebaseFirestore] {
2026-06-29T04:35:21.7281975Z   code: [32m'invalid-argument'[39m,
2026-06-29T04:35:21.7282439Z   customData: [90mundefined[39m,
2026-06-29T04:35:21.7282934Z   toString: [36m[Function (anonymous)][39m
2026-06-29T04:35:21.7283306Z }
2026-06-29T04:35:21.7284705Z [useFirestoreSync] Failed to subscribe to daily-essential-slot-completions [FirebaseError: Expected first argument to collection() to be a CollectionReference, a DocumentReference or FirebaseFirestore] {
2026-06-29T04:35:21.7286219Z   code: [32m'invalid-argument'[39m,
2026-06-29T04:35:21.7286651Z   customData: [90mundefined[39m,
2026-06-29T04:35:21.7287132Z   toString: [36m[Function (anonymous)][39m
2026-06-29T04:35:21.7287487Z }
2026-06-29T04:35:21.7288648Z [useFirestoreSync] Failed to subscribe to sort-preferences [FirebaseError: Expected first argument to doc() to be a CollectionReference, a DocumentReference or FirebaseFirestore] {
2026-06-29T04:35:21.7289810Z   code: [32m'invalid-argument'[39m,
2026-06-29T04:35:21.7290257Z   customData: [90mundefined[39m,
2026-06-29T04:35:21.7290712Z   toString: [36m[Function (anonymous)][39m
2026-06-29T04:35:21.7291053Z }
2026-06-29T04:35:21.7291188Z 
2026-06-29T04:35:21.7292026Z [90mstderr[2m | src/hooks/__tests__/useFirestoreSync.test.tsx[2m > [22m[2museFirestoreSync[2m > [22m[2munsubscribes on unmount
2026-06-29T04:35:21.7293842Z [22m[39m[medicationSlots] slot-defs backfill failed [FirebaseError: Expected first argument to collection() to be a CollectionReference, a DocumentReference or FirebaseFirestore] {
2026-06-29T04:35:21.7294954Z   code: [32m'invalid-argument'[39m,
2026-06-29T04:35:21.7295394Z   customData: [90mundefined[39m,
2026-06-29T04:35:21.7336226Z   toString: [36m[Function (anonymous)][39m
2026-06-29T04:35:21.7336647Z }
2026-06-29T04:35:21.7337961Z [useFirestoreSync] Failed to subscribe to task-completions [FirebaseError: Expected first argument to collection() to be a CollectionReference, a DocumentReference or FirebaseFirestore] {
2026-06-29T04:35:21.7339262Z   code: [32m'invalid-argument'[39m,
2026-06-29T04:35:21.7339777Z   customData: [90mundefined[39m,
2026-06-29T04:35:21.7340286Z   toString: [36m[Function (anonymous)][39m
2026-06-29T04:35:21.7340658Z }
2026-06-29T04:35:21.7341910Z [useFirestoreSync] Failed to subscribe to dormancy-threshold [FirebaseError: Expected first argument to doc() to be a CollectionReference, a DocumentReference or FirebaseFirestore] {
2026-06-29T04:35:21.7343174Z   code: [32m'invalid-argument'[39m,
2026-06-29T04:35:21.7343657Z   customData: [90mundefined[39m,
2026-06-29T04:35:21.7344169Z   toString: [36m[Function (anonymous)][39m
2026-06-29T04:35:21.7344558Z }
2026-06-29T04:35:21.7345898Z [useFirestoreSync] Failed to subscribe to courses [FirebaseError: Expected first argument to collection() to be a CollectionReference, a DocumentReference or FirebaseFirestore] {
2026-06-29T04:35:21.7347026Z   code: [32m'invalid-argument'[39m,
2026-06-29T04:35:21.7347469Z   customData: [90mundefined[39m,
2026-06-29T04:35:21.7347933Z   toString: [36m[Function (anonymous)][39m
2026-06-29T04:35:21.7348288Z }
2026-06-29T04:35:21.7349436Z [useFirestoreSync] Failed to subscribe to theme-preferences [FirebaseError: Expected first argument to doc() to be a CollectionReference, a DocumentReference or FirebaseFirestore] {
2026-06-29T04:35:21.7350554Z   code: [32m'invalid-argument'[39m,
2026-06-29T04:35:21.7350986Z   customData: [90mundefined[39m,
2026-06-29T04:35:21.7351437Z   toString: [36m[Function (anonymous)][39m
2026-06-29T04:35:21.7351785Z }
2026-06-29T04:35:21.7352869Z [useFirestoreSync] Failed to subscribe to nd-preferences [FirebaseError: Expected first argument to doc() to be a CollectionReference, a DocumentReference or FirebaseFirestore] {
2026-06-29T04:35:21.7354305Z   code: [32m'invalid-argument'[39m,
2026-06-29T04:35:21.7354738Z   customData: [90mundefined[39m,
2026-06-29T04:35:21.7355191Z   toString: [36m[Function (anonymous)][39m
2026-06-29T04:35:21.7355543Z }
2026-06-29T04:35:21.7357058Z [useFirestoreSync] Failed to subscribe to a11y-preferences [FirebaseError: Expected first argument to doc() to be a CollectionReference, a DocumentReference or FirebaseFirestore] {
2026-06-29T04:35:21.7358241Z   code: [32m'invalid-argument'[39m,
2026-06-29T04:35:21.7358688Z   customData: [90mundefined[39m,
2026-06-29T04:35:21.7359138Z   toString: [36m[Function (anonymous)][39m
2026-06-29T04:35:21.7359492Z }
2026-06-29T04:35:21.7360667Z [useFirestoreSync] Failed to subscribe to self-care-logs [FirebaseError: Expected first argument to collection() to be a CollectionReference, a DocumentReference or FirebaseFirestore] {
2026-06-29T04:35:21.7361600Z   code: [32m'invalid-argument'[39m,
2026-06-29T04:35:21.7361876Z   customData: [90mundefined[39m,
2026-06-29T04:35:21.7362144Z   toString: [36m[Function (anonymous)][39m
2026-06-29T04:35:21.7362371Z }
2026-06-29T04:35:21.7363057Z [useFirestoreSync] Failed to subscribe to self-care-steps [FirebaseError: Expected first argument to collection() to be a CollectionReference, a DocumentReference or FirebaseFirestore] {
2026-06-29T04:35:21.7363691Z   code: [32m'invalid-argument'[39m,
2026-06-29T04:35:21.7363948Z   customData: [90mundefined[39m,
2026-06-29T04:35:21.7364209Z   toString: [36m[Function (anonymous)][39m
2026-06-29T04:35:21.7364411Z }
2026-06-29T04:35:21.7365055Z [useFirestoreSync] Failed to subscribe to dashboard-preferences [FirebaseError: Expected first argument to doc() to be a CollectionReference, a DocumentReference or FirebaseFirestore] {
2026-06-29T04:35:21.7426348Z   code: [32m'invalid-argument'[39m,
2026-06-29T04:35:21.7426861Z   customData: [90mundefined[39m,
2026-06-29T04:35:21.7427329Z   toString: [36m[Function (anonymous)][39m
2026-06-29T04:35:21.7427676Z }
2026-06-29T04:35:21.7428797Z [useFirestoreSync] Failed to subscribe to advanced-tuning [FirebaseError: Expected first argument to doc() to be a CollectionReference, a DocumentReference or FirebaseFirestore] {
2026-06-29T04:35:21.7429441Z   code: [32m'invalid-argument'[39m,
2026-06-29T04:35:21.7429730Z   customData: [90mundefined[39m,
2026-06-29T04:35:21.7430010Z   toString: [36m[Function (anonymous)][39m
2026-06-29T04:35:21.7430236Z }
2026-06-29T04:35:21.7430891Z [useFirestoreSync] Failed to subscribe to rest-days [FirebaseError: Expected first argument to collection() to be a CollectionReference, a DocumentReference or FirebaseFirestore] {
2026-06-29T04:35:21.7431523Z   code: [32m'invalid-argument'[39m,
2026-06-29T04:35:21.7431797Z   customData: [90mundefined[39m,
2026-06-29T04:35:21.7432089Z   toString: [36m[Function (anonymous)][39m
2026-06-29T04:35:21.7432307Z }
2026-06-29T04:35:21.7433008Z [useFirestoreSync] Failed to subscribe to notification-profiles [FirebaseError: Expected first argument to collection() to be a CollectionReference, a DocumentReference or FirebaseFirestore] {
2026-06-29T04:35:21.7433663Z   code: [32m'invalid-argument'[39m,
2026-06-29T04:35:21.7433924Z   customData: [90mundefined[39m,
2026-06-29T04:35:21.7434191Z   toString: [36m[Function (anonymous)][39m
2026-06-29T04:35:21.7434403Z }
2026-06-29T04:35:21.7435082Z [useFirestoreSync] Failed to subscribe to active-notification-profile [FirebaseError: Expected first argument to doc() to be a CollectionReference, a DocumentReference or FirebaseFirestore] {
2026-06-29T04:35:21.7435930Z   code: [32m'invalid-argument'[39m,
2026-06-29T04:35:21.7436337Z   customData: [90mundefined[39m,
2026-06-29T04:35:21.7436653Z   toString: [36m[Function (anonymous)][39m
2026-06-29T04:35:21.7436863Z }
2026-06-29T04:35:21.7437501Z [useFirestoreSync] Failed to subscribe to custom-sounds [FirebaseError: Expected first argument to collection() to be a CollectionReference, a DocumentReference or FirebaseFirestore] {
2026-06-29T04:35:21.7438618Z   code: [32m'invalid-argument'[39m,
2026-06-29T04:35:21.7438880Z   customData: [90mundefined[39m,
2026-06-29T04:35:21.7439140Z   toString: [36m[Function (anonymous)][39m
2026-06-29T04:35:21.7439352Z }
2026-06-29T04:35:21.7440090Z [useFirestoreSync] Failed to subscribe to saved-filters [FirebaseError: Expected first argument to collection() to be a CollectionReference, a DocumentReference or FirebaseFirestore] {
2026-06-29T04:35:21.7440698Z   code: [32m'invalid-argument'[39m,
2026-06-29T04:35:21.7440955Z   customData: [90mundefined[39m,
2026-06-29T04:35:21.7441212Z   toString: [36m[Function (anonymous)][39m
2026-06-29T04:35:21.7441414Z }
2026-06-29T04:35:21.7442047Z [useFirestoreSync] Failed to subscribe to nlp-shortcuts [FirebaseError: Expected first argument to collection() to be a CollectionReference, a DocumentReference or FirebaseFirestore] {
2026-06-29T04:35:21.7442874Z   code: [32m'invalid-argument'[39m,
2026-06-29T04:35:21.7443287Z   customData: [90mundefined[39m,
2026-06-29T04:35:21.7443689Z   toString: [36m[Function (anonymous)][39m
2026-06-29T04:35:21.7444017Z }
2026-06-29T04:35:21.7445127Z [useFirestoreSync] Failed to subscribe to habit-templates [FirebaseError: Expected first argument to collection() to be a CollectionReference, a DocumentReference or FirebaseFirestore] {
2026-06-29T04:35:21.7446387Z   code: [32m'invalid-argument'[39m,
2026-06-29T04:35:21.7446806Z   customData: [90mundefined[39m,
2026-06-29T04:35:21.7447232Z   toString: [36m[Function (anonymous)][39m
2026-06-29T04:35:21.7447558Z }
2026-06-29T04:35:21.7448695Z [useFirestoreSync] Failed to subscribe to project-templates [FirebaseError: Expected first argument to collection() to be a CollectionReference, a DocumentReference or FirebaseFirestore] {
2026-06-29T04:35:21.7449768Z   code: [32m'invalid-argument'[39m,
2026-06-29T04:35:21.7450143Z   customData: [90mundefined[39m,
2026-06-29T04:35:21.7450576Z   toString: [36m[Function (anonymous)][39m
2026-06-29T04:35:21.7450902Z }
2026-06-29T04:35:21.7452022Z [useFirestoreSync] Failed to subscribe to task-timings [FirebaseError: Expected first argument to collection() to be a CollectionReference, a DocumentReference or FirebaseFirestore] {
2026-06-29T04:35:21.7453094Z   code: [32m'invalid-argument'[39m,
2026-06-29T04:35:21.7453505Z   customData: [90mundefined[39m,
2026-06-29T04:35:21.7453950Z   toString: [36m[Function (anonymous)][39m
2026-06-29T04:35:21.7454283Z }
2026-06-29T04:35:21.7455369Z [useFirestoreSync] Failed to subscribe to milestones [FirebaseError: Expected first argument to collection() to be a CollectionReference, a DocumentReference or FirebaseFirestore] {
2026-06-29T04:35:21.7486824Z   code: [32m'invalid-argument'[39m,
2026-06-29T04:35:21.7487298Z   customData: [90mundefined[39m,
2026-06-29T04:35:21.7487763Z   toString: [36m[Function (anonymous)][39m
2026-06-29T04:35:21.7488123Z }
2026-06-29T04:35:21.7489358Z [useFirestoreSync] Failed to subscribe to medication-slots-ext [FirebaseError: Expected first argument to collection() to be a CollectionReference, a DocumentReference or FirebaseFirestore] {
2026-06-29T04:35:21.7490558Z   code: [32m'invalid-argument'[39m,
2026-06-29T04:35:21.7491003Z   customData: [90mundefined[39m,
2026-06-29T04:35:21.7491465Z   toString: [36m[Function (anonymous)][39m
2026-06-29T04:35:21.7491829Z }
2026-06-29T04:35:21.7493068Z [useFirestoreSync] Failed to subscribe to medication-slot-overrides [FirebaseError: Expected first argument to collection() to be a CollectionReference, a DocumentReference or FirebaseFirestore] {
2026-06-29T04:35:21.7494243Z   code: [32m'invalid-argument'[39m,
2026-06-29T04:35:21.7494665Z   customData: [90mundefined[39m,
2026-06-29T04:35:21.7495116Z   toString: [36m[Function (anonymous)][39m
2026-06-29T04:35:21.7495454Z }
2026-06-29T04:35:21.7496820Z [useFirestoreSync] Failed to subscribe to medication-tier-states [FirebaseError: Expected first argument to collection() to be a CollectionReference, a DocumentReference or FirebaseFirestore] {
2026-06-29T04:35:21.7498189Z   code: [32m'invalid-argument'[39m,
2026-06-29T04:35:21.7498611Z   customData: [90mundefined[39m,
2026-06-29T04:35:21.7499051Z   toString: [36m[Function (anonymous)][39m
2026-06-29T04:35:21.7499401Z }
2026-06-29T04:35:21.7500739Z [useFirestoreSync] Failed to subscribe to medication-refills [FirebaseError: Expected first argument to collection() to be a CollectionReference, a DocumentReference or FirebaseFirestore] {
2026-06-29T04:35:21.7501864Z   code: [32m'invalid-argument'[39m,
2026-06-29T04:35:21.7502288Z   customData: [90mundefined[39m,
2026-06-29T04:35:21.7502714Z   toString: [36m[Function (anonymous)][39m
2026-06-29T04:35:21.7503051Z }
2026-06-29T04:35:21.7504292Z [useFirestoreSync] Failed to subscribe to daily-essential-slot-completions [FirebaseError: Expected first argument to collection() to be a CollectionReference, a DocumentReference or FirebaseFirestore] {
2026-06-29T04:35:21.7505495Z   code: [32m'invalid-argument'[39m,
2026-06-29T04:35:21.7506089Z   customData: [90mundefined[39m,
2026-06-29T04:35:21.7506531Z   toString: [36m[Function (anonymous)][39m
2026-06-29T04:35:21.7506868Z }
2026-06-29T04:35:21.7507977Z [useFirestoreSync] Failed to subscribe to sort-preferences [FirebaseError: Expected first argument to doc() to be a CollectionReference, a DocumentReference or FirebaseFirestore] {
2026-06-29T04:35:21.7509061Z   code: [32m'invalid-argument'[39m,
2026-06-29T04:35:21.7509491Z   customData: [90mundefined[39m,
2026-06-29T04:35:21.7509929Z   toString: [36m[Function (anonymous)][39m
2026-06-29T04:35:21.7510267Z }
2026-06-29T04:35:21.7510393Z 
2026-06-29T04:35:21.7511357Z [90mstderr[2m | src/hooks/__tests__/useFirestoreSync.test.tsx[2m > [22m[2museFirestoreSync[2m > [22m[2ma remote tasks snapshot updates the task store
2026-06-29T04:35:21.7513224Z [22m[39m[medicationSlots] slot-defs backfill failed [FirebaseError: Expected first argument to collection() to be a CollectionReference, a DocumentReference or FirebaseFirestore] {
2026-06-29T04:35:21.7514297Z   code: [32m'invalid-argument'[39m,
2026-06-29T04:35:21.7514723Z   customData: [90mundefined[39m,
2026-06-29T04:35:21.7515160Z   toString: [36m[Function (anonymous)][39m
2026-06-29T04:35:21.7515496Z }
2026-06-29T04:35:21.7547045Z [useFirestoreSync] Failed to subscribe to task-completions [FirebaseError: Expected first argument to collection() to be a CollectionReference, a DocumentReference or FirebaseFirestore] {
2026-06-29T04:35:21.7548271Z   code: [32m'invalid-argument'[39m,
2026-06-29T04:35:21.7548711Z   customData: [90mundefined[39m,
2026-06-29T04:35:21.7549164Z   toString: [36m[Function (anonymous)][39m
2026-06-29T04:35:21.7549510Z }
2026-06-29T04:35:21.7550665Z [useFirestoreSync] Failed to subscribe to dormancy-threshold [FirebaseError: Expected first argument to doc() to be a CollectionReference, a DocumentReference or FirebaseFirestore] {
2026-06-29T04:35:21.7551782Z   code: [32m'invalid-argument'[39m,
2026-06-29T04:35:21.7552233Z   customData: [90mundefined[39m,
2026-06-29T04:35:21.7552685Z   toString: [36m[Function (anonymous)][39m
2026-06-29T04:35:21.7553029Z }
2026-06-29T04:35:21.7554120Z [useFirestoreSync] Failed to subscribe to courses [FirebaseError: Expected first argument to collection() to be a CollectionReference, a DocumentReference or FirebaseFirestore] {
2026-06-29T04:35:21.7555179Z   code: [32m'invalid-argument'[39m,
2026-06-29T04:35:21.7555813Z   customData: [90mundefined[39m,
2026-06-29T04:35:21.7556253Z   toString: [36m[Function (anonymous)][39m
2026-06-29T04:35:21.7556590Z }
2026-06-29T04:35:21.7557698Z [useFirestoreSync] Failed to subscribe to theme-preferences [FirebaseError: Expected first argument to doc() to be a CollectionReference, a DocumentReference or FirebaseFirestore] {
2026-06-29T04:35:21.7558789Z   code: [32m'invalid-argument'[39m,
2026-06-29T04:35:21.7559218Z   customData: [90mundefined[39m,
2026-06-29T04:35:21.7559668Z   toString: [36m[Function (anonymous)][39m
2026-06-29T04:35:21.7560318Z }
2026-06-29T04:35:21.7561424Z [useFirestoreSync] Failed to subscribe to nd-preferences [FirebaseError: Expected first argument to doc() to be a CollectionReference, a DocumentReference or FirebaseFirestore] {
2026-06-29T04:35:21.7562526Z   code: [32m'invalid-argument'[39m,
2026-06-29T04:35:21.7562950Z   customData: [90mundefined[39m,
2026-06-29T04:35:21.7563557Z   toString: [36m[Function (anonymous)][39m
2026-06-29T04:35:21.7563901Z }
2026-06-29T04:35:21.7565041Z [useFirestoreSync] Failed to subscribe to a11y-preferences [FirebaseError: Expected first argument to doc() to be a CollectionReference, a DocumentReference or FirebaseFirestore] {
2026-06-29T04:35:21.7566319Z   code: [32m'invalid-argument'[39m,
2026-06-29T04:35:21.7566744Z   customData: [90mundefined[39m,
2026-06-29T04:35:21.7567181Z   toString: [36m[Function (anonymous)][39m
2026-06-29T04:35:21.7567515Z }
2026-06-29T04:35:21.7568658Z [useFirestoreSync] Failed to subscribe to self-care-logs [FirebaseError: Expected first argument to collection() to be a CollectionReference, a DocumentReference or FirebaseFirestore] {
2026-06-29T04:35:21.7569776Z   code: [32m'invalid-argument'[39m,
2026-06-29T04:35:21.7570196Z   customData: [90mundefined[39m,
2026-06-29T04:35:21.7570626Z   toString: [36m[Function (anonymous)][39m
2026-06-29T04:35:21.7570963Z }
2026-06-29T04:35:21.7597003Z [useFirestoreSync] Failed to subscribe to self-care-steps [FirebaseError: Expected first argument to collection() to be a CollectionReference, a DocumentReference or FirebaseFirestore] {
2026-06-29T04:35:21.7598202Z   code: [32m'invalid-argument'[39m,
2026-06-29T04:35:21.7598644Z   customData: [90mundefined[39m,
2026-06-29T04:35:21.7599096Z   toString: [36m[Function (anonymous)][39m
2026-06-29T04:35:21.7599448Z }
2026-06-29T04:35:21.7600606Z [useFirestoreSync] Failed to subscribe to dashboard-preferences [FirebaseError: Expected first argument to doc() to be a CollectionReference, a DocumentReference or FirebaseFirestore] {
2026-06-29T04:35:21.7601748Z   code: [32m'invalid-argument'[39m,
2026-06-29T04:35:21.7602189Z   customData: [90mundefined[39m,
2026-06-29T04:35:21.7602628Z   toString: [36m[Function (anonymous)][39m
2026-06-29T04:35:21.7602988Z }
2026-06-29T04:35:21.7604118Z [useFirestoreSync] Failed to subscribe to advanced-tuning [FirebaseError: Expected first argument to doc() to be a CollectionReference, a DocumentReference or FirebaseFirestore] {
2026-06-29T04:35:21.7605218Z   code: [32m'invalid-argument'[39m,
2026-06-29T04:35:21.7605814Z   customData: [90mundefined[39m,
2026-06-29T04:35:21.7606253Z   toString: [36m[Function (anonymous)][39m
2026-06-29T04:35:21.7606596Z }
2026-06-29T04:35:21.7607704Z [useFirestoreSync] Failed to subscribe to rest-days [FirebaseError: Expected first argument to collection() to be a CollectionReference, a DocumentReference or FirebaseFirestore] {
2026-06-29T04:35:21.7608795Z   code: [32m'invalid-argument'[39m,
2026-06-29T04:35:21.7609201Z   customData: [90mundefined[39m,
2026-06-29T04:35:21.7609649Z   toString: [36m[Function (anonymous)][39m
2026-06-29T04:35:21.7609995Z }
2026-06-29T04:35:21.7611175Z [useFirestoreSync] Failed to subscribe to notification-profiles [FirebaseError: Expected first argument to collection() to be a CollectionReference, a DocumentReference or FirebaseFirestore] {
2026-06-29T04:35:21.7612372Z   code: [32m'invalid-argument'[39m,
2026-06-29T04:35:21.7612816Z   customData: [90mundefined[39m,
2026-06-29T04:35:21.7613250Z   toString: [36m[Function (anonymous)][39m
2026-06-29T04:35:21.7613591Z }
2026-06-29T04:35:21.7614781Z [useFirestoreSync] Failed to subscribe to active-notification-profile [FirebaseError: Expected first argument to doc() to be a CollectionReference, a DocumentReference or FirebaseFirestore] {
2026-06-29T04:35:21.7616126Z   code: [32m'invalid-argument'[39m,
2026-06-29T04:35:21.7616556Z   customData: [90mundefined[39m,
2026-06-29T04:35:21.7617002Z   toString: [36m[Function (anonymous)][39m
2026-06-29T04:35:21.7617347Z }
2026-06-29T04:35:21.7618701Z [useFirestoreSync] Failed to subscribe to custom-sounds [FirebaseError: Expected first argument to collection() to be a CollectionReference, a DocumentReference or FirebaseFirestore] {
2026-06-29T04:35:21.7619847Z   code: [32m'invalid-argument'[39m,
2026-06-29T04:35:21.7620271Z   customData: [90mundefined[39m,
2026-06-29T04:35:21.7620721Z   toString: [36m[Function (anonymous)][39m
2026-06-29T04:35:21.7621253Z }
2026-06-29T04:35:21.7622435Z [useFirestoreSync] Failed to subscribe to saved-filters [FirebaseError: Expected first argument to collection() to be a CollectionReference, a DocumentReference or FirebaseFirestore] {
2026-06-29T04:35:21.7623567Z   code: [32m'invalid-argument'[39m,
2026-06-29T04:35:21.7624011Z   customData: [90mundefined[39m,
2026-06-29T04:35:21.7624466Z   toString: [36m[Function (anonymous)][39m
2026-06-29T04:35:21.7624808Z }
2026-06-29T04:35:21.7656247Z [useFirestoreSync] Failed to subscribe to nlp-shortcuts [FirebaseError: Expected first argument to collection() to be a CollectionReference, a DocumentReference or FirebaseFirestore] {
2026-06-29T04:35:21.7657516Z   code: [32m'invalid-argument'[39m,
2026-06-29T04:35:21.7657985Z   customData: [90mundefined[39m,
2026-06-29T04:35:21.7658449Z   toString: [36m[Function (anonymous)][39m
2026-06-29T04:35:21.7658807Z }
2026-06-29T04:35:21.7660001Z [useFirestoreSync] Failed to subscribe to habit-templates [FirebaseError: Expected first argument to collection() to be a CollectionReference, a DocumentReference or FirebaseFirestore] {
2026-06-29T04:35:21.7661181Z   code: [32m'invalid-argument'[39m,
2026-06-29T04:35:21.7661626Z   customData: [90mundefined[39m,
2026-06-29T04:35:21.7662087Z   toString: [36m[Function (anonymous)][39m
2026-06-29T04:35:21.7662442Z }
2026-06-29T04:35:21.7663641Z [useFirestoreSync] Failed to subscribe to project-templates [FirebaseError: Expected first argument to collection() to be a CollectionReference, a DocumentReference or FirebaseFirestore] {
2026-06-29T04:35:21.7664804Z   code: [32m'invalid-argument'[39m,
2026-06-29T04:35:21.7665240Z   customData: [90mundefined[39m,
2026-06-29T04:35:21.7665858Z   toString: [36m[Function (anonymous)][39m
2026-06-29T04:35:21.7666223Z }
2026-06-29T04:35:21.7667419Z [useFirestoreSync] Failed to subscribe to task-timings [FirebaseError: Expected first argument to collection() to be a CollectionReference, a DocumentReference or FirebaseFirestore] {
2026-06-29T04:35:21.7668549Z   code: [32m'invalid-argument'[39m,
2026-06-29T04:35:21.7668974Z   customData: [90mundefined[39m,
2026-06-29T04:35:21.7669421Z   toString: [36m[Function (anonymous)][39m
2026-06-29T04:35:21.7669763Z }
2026-06-29T04:35:21.7670923Z [useFirestoreSync] Failed to subscribe to milestones [FirebaseError: Expected first argument to collection() to be a CollectionReference, a DocumentReference or FirebaseFirestore] {
2026-06-29T04:35:21.7695938Z   code: [32m'invalid-argument'[39m,
2026-06-29T04:35:21.7696495Z   customData: [90mundefined[39m,
2026-06-29T04:35:21.7696981Z   toString: [36m[Function (anonymous)][39m
2026-06-29T04:35:21.7697350Z }
2026-06-29T04:35:21.7698562Z [useFirestoreSync] Failed to subscribe to medication-slots-ext [FirebaseError: Expected first argument to collection() to be a CollectionReference, a DocumentReference or FirebaseFirestore] {
2026-06-29T04:35:21.7699807Z   code: [32m'invalid-argument'[39m,
2026-06-29T04:35:21.7700260Z   customData: [90mundefined[39m,
2026-06-29T04:35:21.7700723Z   toString: [36m[Function (anonymous)][39m
2026-06-29T04:35:21.7701076Z }
2026-06-29T04:35:21.7702329Z [useFirestoreSync] Failed to subscribe to medication-slot-overrides [FirebaseError: Expected first argument to collection() to be a CollectionReference, a DocumentReference or FirebaseFirestore] {
2026-06-29T04:35:21.7703542Z   code: [32m'invalid-argument'[39m,
2026-06-29T04:35:21.7703983Z   customData: [90mundefined[39m,
2026-06-29T04:35:21.7704440Z   toString: [36m[Function (anonymous)][39m
2026-06-29T04:35:21.7704784Z }
2026-06-29T04:35:21.7706188Z [useFirestoreSync] Failed to subscribe to medication-tier-states [FirebaseError: Expected first argument to collection() to be a CollectionReference, a DocumentReference or FirebaseFirestore] {
2026-06-29T04:35:21.7707660Z   code: [32m'invalid-argument'[39m,
2026-06-29T04:35:21.7708106Z   customData: [90mundefined[39m,
2026-06-29T04:35:21.7708551Z   toString: [36m[Function (anonymous)][39m
2026-06-29T04:35:21.7708904Z }
2026-06-29T04:35:21.7710285Z [useFirestoreSync] Failed to subscribe to medication-refills [FirebaseError: Expected first argument to collection() to be a CollectionReference, a DocumentReference or FirebaseFirestore] {
2026-06-29T04:35:21.7711509Z   code: [32m'invalid-argument'[39m,
2026-06-29T04:35:21.7711957Z   customData: [90mundefined[39m,
2026-06-29T04:35:21.7712411Z   toString: [36m[Function (anonymous)][39m
2026-06-29T04:35:21.7712761Z }
2026-06-29T04:35:21.7714056Z [useFirestoreSync] Failed to subscribe to daily-essential-slot-completions [FirebaseError: Expected first argument to collection() to be a CollectionReference, a DocumentReference or FirebaseFirestore] {
2026-06-29T04:35:21.7715341Z   code: [32m'invalid-argument'[39m,
2026-06-29T04:35:21.7746117Z   customData: [90mundefined[39m,
2026-06-29T04:35:21.7746635Z   toString: [36m[Function (anonymous)][39m
2026-06-29T04:35:21.7746994Z }
2026-06-29T04:35:21.7748153Z [useFirestoreSync] Failed to subscribe to sort-preferences [FirebaseError: Expected first argument to doc() to be a CollectionReference, a DocumentReference or FirebaseFirestore] {
2026-06-29T04:35:21.7749289Z   code: [32m'invalid-argument'[39m,
2026-06-29T04:35:21.7749752Z   customData: [90mundefined[39m,
2026-06-29T04:35:21.7750210Z   toString: [36m[Function (anonymous)][39m
2026-06-29T04:35:21.7750559Z }
2026-06-29T04:35:21.7750680Z 
2026-06-29T04:35:21.7751738Z [90mstderr[2m | src/hooks/__tests__/useFirestoreSync.test.tsx[2m > [22m[2museFirestoreSync[2m > [22m[2ma remote slot-defs snapshot updates the medication slots store
2026-06-29T04:35:21.7753718Z [22m[39m[medicationSlots] slot-defs backfill failed [FirebaseError: Expected first argument to collection() to be a CollectionReference, a DocumentReference or FirebaseFirestore] {
2026-06-29T04:35:21.7754877Z   code: [32m'invalid-argument'[39m,
2026-06-29T04:35:21.7755312Z   customData: [90mundefined[39m,
2026-06-29T04:35:21.7755943Z   toString: [36m[Function (anonymous)][39m
2026-06-29T04:35:21.7756300Z }
2026-06-29T04:35:21.7757462Z [useFirestoreSync] Failed to subscribe to task-completions [FirebaseError: Expected first argument to collection() to be a CollectionReference, a DocumentReference or FirebaseFirestore] {
2026-06-29T04:35:21.7758641Z   code: [32m'invalid-argument'[39m,
2026-06-29T04:35:21.7759084Z   customData: [90mundefined[39m,
2026-06-29T04:35:21.7759529Z   toString: [36m[Function (anonymous)][39m
2026-06-29T04:35:21.7759874Z }
2026-06-29T04:35:21.7761017Z [useFirestoreSync] Failed to subscribe to dormancy-threshold [FirebaseError: Expected first argument to doc() to be a CollectionReference, a DocumentReference or FirebaseFirestore] {
2026-06-29T04:35:21.7762165Z   code: [32m'invalid-argument'[39m,
2026-06-29T04:35:21.7762557Z   customData: [90mundefined[39m,
2026-06-29T04:35:21.7763007Z   toString: [36m[Function (anonymous)][39m
2026-06-29T04:35:21.7763362Z }
2026-06-29T04:35:21.7764455Z [useFirestoreSync] Failed to subscribe to courses [FirebaseError: Expected first argument to collection() to be a CollectionReference, a DocumentReference or FirebaseFirestore] {
2026-06-29T04:35:21.7765548Z   code: [32m'invalid-argument'[39m,
2026-06-29T04:35:21.7766145Z   customData: [90mundefined[39m,
2026-06-29T04:35:21.7766586Z   toString: [36m[Function (anonymous)][39m
2026-06-29T04:35:21.7766925Z }
2026-06-29T04:35:21.7768034Z [useFirestoreSync] Failed to subscribe to theme-preferences [FirebaseError: Expected first argument to doc() to be a CollectionReference, a DocumentReference or FirebaseFirestore] {
2026-06-29T04:35:21.7769172Z   code: [32m'invalid-argument'[39m,
2026-06-29T04:35:21.7769838Z   customData: [90mundefined[39m,
2026-06-29T04:35:21.7770284Z   toString: [36m[Function (anonymous)][39m
2026-06-29T04:35:21.7770608Z }
2026-06-29T04:35:21.7771702Z [useFirestoreSync] Failed to subscribe to nd-preferences [FirebaseError: Expected first argument to doc() to be a CollectionReference, a DocumentReference or FirebaseFirestore] {
2026-06-29T04:35:21.7796593Z   code: [32m'invalid-argument'[39m,
2026-06-29T04:35:21.7797117Z   customData: [90mundefined[39m,
2026-06-29T04:35:21.7797590Z   toString: [36m[Function (anonymous)][39m
2026-06-29T04:35:21.7797949Z }
2026-06-29T04:35:21.7799090Z [useFirestoreSync] Failed to subscribe to a11y-preferences [FirebaseError: Expected first argument to doc() to be a CollectionReference, a DocumentReference or FirebaseFirestore] {
2026-06-29T04:35:21.7800192Z   code: [32m'invalid-argument'[39m,
2026-06-29T04:35:21.7800619Z   customData: [90mundefined[39m,
2026-06-29T04:35:21.7801070Z   toString: [36m[Function (anonymous)][39m
2026-06-29T04:35:21.7801445Z }
2026-06-29T04:35:21.7802628Z [useFirestoreSync] Failed to subscribe to self-care-logs [FirebaseError: Expected first argument to collection() to be a CollectionReference, a DocumentReference or FirebaseFirestore] {
2026-06-29T04:35:21.7803769Z   code: [32m'invalid-argument'[39m,
2026-06-29T04:35:21.7804207Z   customData: [90mundefined[39m,
2026-06-29T04:35:21.7804670Z   toString: [36m[Function (anonymous)][39m
2026-06-29T04:35:21.7805024Z }
2026-06-29T04:35:21.7806397Z [useFirestoreSync] Failed to subscribe to self-care-steps [FirebaseError: Expected first argument to collection() to be a CollectionReference, a DocumentReference or FirebaseFirestore] {
2026-06-29T04:35:21.7807506Z   code: [32m'invalid-argument'[39m,
2026-06-29T04:35:21.7807894Z   customData: [90mundefined[39m,
2026-06-29T04:35:21.7808602Z   toString: [36m[Function (anonymous)][39m
2026-06-29T04:35:21.7809031Z }
2026-06-29T04:35:21.7810359Z [useFirestoreSync] Failed to subscribe to dashboard-preferences [FirebaseError: Expected first argument to doc() to be a CollectionReference, a DocumentReference or FirebaseFirestore] {
2026-06-29T04:35:21.7811653Z   code: [32m'invalid-argument'[39m,
2026-06-29T04:35:21.7812256Z   customData: [90mundefined[39m,
2026-06-29T04:35:21.7812927Z   toString: [36m[Function (anonymous)][39m
2026-06-29T04:35:21.7813448Z }
2026-06-29T04:35:21.7814786Z [useFirestoreSync] Failed to subscribe to advanced-tuning [FirebaseError: Expected first argument to doc() to be a CollectionReference, a DocumentReference or FirebaseFirestore] {
2026-06-29T04:35:21.7846373Z   code: [32m'invalid-argument'[39m,
2026-06-29T04:35:21.7847023Z   customData: [90mundefined[39m,
2026-06-29T04:35:21.7847726Z   toString: [36m[Function (anonymous)][39m
2026-06-29T04:35:21.7848214Z }
2026-06-29T04:35:21.7849599Z [useFirestoreSync] Failed to subscribe to rest-days [FirebaseError: Expected first argument to collection() to be a CollectionReference, a DocumentReference or FirebaseFirestore] {
2026-06-29T04:35:21.7850879Z   code: [32m'invalid-argument'[39m,
2026-06-29T04:35:21.7851499Z   customData: [90mundefined[39m,
2026-06-29T04:35:21.7852169Z   toString: [36m[Function (anonymous)][39m
2026-06-29T04:35:21.7852647Z }
2026-06-29T04:35:21.7853947Z [useFirestoreSync] Failed to subscribe to notification-profiles [FirebaseError: Expected first argument to collection() to be a CollectionReference, a DocumentReference or FirebaseFirestore] {
2026-06-29T04:35:21.7855405Z   code: [32m'invalid-argument'[39m,
2026-06-29T04:35:21.7856226Z   customData: [90mundefined[39m,
2026-06-29T04:35:21.7856890Z   toString: [36m[Function (anonymous)][39m
2026-06-29T04:35:21.7857363Z }
2026-06-29T04:35:21.7858688Z [useFirestoreSync] Failed to subscribe to active-notification-profile [FirebaseError: Expected first argument to doc() to be a CollectionReference, a DocumentReference or FirebaseFirestore] {
2026-06-29T04:35:21.7860113Z   code: [32m'invalid-argument'[39m,
2026-06-29T04:35:21.7860753Z   customData: [90mundefined[39m,
2026-06-29T04:35:21.7861582Z   toString: [36m[Function (anonymous)][39m
2026-06-29T04:35:21.7862051Z }
2026-06-29T04:35:21.7863282Z [useFirestoreSync] Failed to subscribe to custom-sounds [FirebaseError: Expected first argument to collection() to be a CollectionReference, a DocumentReference or FirebaseFirestore] {
2026-06-29T04:35:21.7864736Z   code: [32m'invalid-argument'[39m,
2026-06-29T04:35:21.7894888Z   customData: [90mundefined[39m,
2026-06-29T04:35:21.7895399Z   toString: [36m[Function (anonymous)][39m
2026-06-29T04:35:21.7896066Z }
2026-06-29T04:35:21.7897298Z [useFirestoreSync] Failed to subscribe to saved-filters [FirebaseError: Expected first argument to collection() to be a CollectionReference, a DocumentReference or FirebaseFirestore] {
2026-06-29T04:35:21.7898448Z   code: [32m'invalid-argument'[39m,
2026-06-29T04:35:21.7898885Z   customData: [90mundefined[39m,
2026-06-29T04:35:21.7899340Z   toString: [36m[Function (anonymous)][39m
2026-06-29T04:35:21.7899691Z }
2026-06-29T04:35:21.7900879Z [useFirestoreSync] Failed to subscribe to nlp-shortcuts [FirebaseError: Expected first argument to collection() to be a CollectionReference, a DocumentReference or FirebaseFirestore] {
2026-06-29T04:35:21.7902012Z   code: [32m'invalid-argument'[39m,
2026-06-29T04:35:21.7902441Z   customData: [90mundefined[39m,
2026-06-29T04:35:21.7902894Z   toString: [36m[Function (anonymous)][39m
2026-06-29T04:35:21.7903245Z }
2026-06-29T04:35:21.7904435Z [useFirestoreSync] Failed to subscribe to habit-templates [FirebaseError: Expected first argument to collection() to be a CollectionReference, a DocumentReference or FirebaseFirestore] {
2026-06-29T04:35:21.7905556Z   code: [32m'invalid-argument'[39m,
2026-06-29T04:35:21.7906144Z   customData: [90mundefined[39m,
2026-06-29T04:35:21.7906595Z   toString: [36m[Function (anonymous)][39m
2026-06-29T04:35:21.7906955Z }
2026-06-29T04:35:21.7908177Z [useFirestoreSync] Failed to subscribe to project-templates [FirebaseError: Expected first argument to collection() to be a CollectionReference, a DocumentReference or FirebaseFirestore] {
2026-06-29T04:35:21.7909324Z   code: [32m'invalid-argument'[39m,
2026-06-29T04:35:21.7909749Z   customData: [90mundefined[39m,
2026-06-29T04:35:21.7910186Z   toString: [36m[Function (anonymous)][39m
2026-06-29T04:35:21.7910530Z }
2026-06-29T04:35:21.7911699Z [useFirestoreSync] Failed to subscribe to task-timings [FirebaseError: Expected first argument to collection() to be a CollectionReference, a DocumentReference or FirebaseFirestore] {
2026-06-29T04:35:21.7912825Z   code: [32m'invalid-argument'[39m,
2026-06-29T04:35:21.7913253Z   customData: [90mundefined[39m,
2026-06-29T04:35:21.7913685Z   toString: [36m[Function (anonymous)][39m
2026-06-29T04:35:21.7914024Z }
2026-06-29T04:35:21.7915172Z [useFirestoreSync] Failed to subscribe to milestones [FirebaseError: Expected first argument to collection() to be a CollectionReference, a DocumentReference or FirebaseFirestore] {
2026-06-29T04:35:21.7919981Z   code: [32m'invalid-argument'[39m,
2026-06-29T04:35:21.7946312Z   customData: [90mundefined[39m,
2026-06-29T04:35:21.7946821Z   toString: [36m[Function (anonymous)][39m
2026-06-29T04:35:21.7947189Z }
2026-06-29T04:35:21.7948467Z [useFirestoreSync] Failed to subscribe to medication-slots-ext [FirebaseError: Expected first argument to collection() to be a CollectionReference, a DocumentReference or FirebaseFirestore] {
2026-06-29T04:35:21.7949638Z   code: [32m'invalid-argument'[39m,
2026-06-29T04:35:21.7950072Z   customData: [90mundefined[39m,
2026-06-29T04:35:21.7950531Z   toString: [36m[Function (anonymous)][39m
2026-06-29T04:35:21.7950876Z }
2026-06-29T04:35:21.7952142Z [useFirestoreSync] Failed to subscribe to medication-slot-overrides [FirebaseError: Expected first argument to collection() to be a CollectionReference, a DocumentReference or FirebaseFirestore] {
2026-06-29T04:35:21.7953326Z   code: [32m'invalid-argument'[39m,
2026-06-29T04:35:21.7953750Z   customData: [90mundefined[39m,
2026-06-29T04:35:21.7954466Z   toString: [36m[Function (anonymous)][39m
2026-06-29T04:35:21.7954812Z }
2026-06-29T04:35:21.7956201Z [useFirestoreSync] Failed to subscribe to medication-tier-states [FirebaseError: Expected first argument to collection() to be a CollectionReference, a DocumentReference or FirebaseFirestore] {
2026-06-29T04:35:21.7957393Z   code: [32m'invalid-argument'[39m,
2026-06-29T04:35:21.7957966Z   customData: [90mundefined[39m,
2026-06-29T04:35:21.7958418Z   toString: [36m[Function (anonymous)][39m
2026-06-29T04:35:21.7958762Z }
2026-06-29T04:35:21.7959974Z [useFirestoreSync] Failed to subscribe to medication-refills [FirebaseError: Expected first argument to collection() to be a CollectionReference, a DocumentReference or FirebaseFirestore] {
2026-06-29T04:35:21.7961128Z   code: [32m'invalid-argument'[39m,
2026-06-29T04:35:21.7961554Z   customData: [90mundefined[39m,
2026-06-29T04:35:21.7961998Z   toString: [36m[Function (anonymous)][39m
2026-06-29T04:35:21.7962337Z }
2026-06-29T04:35:21.7963655Z [useFirestoreSync] Failed to subscribe to daily-essential-slot-completions [FirebaseError: Expected first argument to collection() to be a CollectionReference, a DocumentReference or FirebaseFirestore] {
2026-06-29T04:35:21.7964877Z   code: [32m'invalid-argument'[39m,
2026-06-29T04:35:21.7965312Z   customData: [90mundefined[39m,
2026-06-29T04:35:21.7965870Z   toString: [36m[Function (anonymous)][39m
2026-06-29T04:35:21.7966213Z }
2026-06-29T04:35:21.7967361Z [useFirestoreSync] Failed to subscribe to sort-preferences [FirebaseError: Expected first argument to doc() to be a CollectionReference, a DocumentReference or FirebaseFirestore] {
2026-06-29T04:35:21.7968470Z   code: [32m'invalid-argument'[39m,
2026-06-29T04:35:21.7968886Z   customData: [90mundefined[39m,
2026-06-29T04:35:21.7969325Z   toString: [36m[Function (anonymous)][39m
2026-06-29T04:35:21.7969677Z }
2026-06-29T04:35:21.7969795Z 
2026-06-29T04:35:21.7970962Z [90mstderr[2m | src/hooks/__tests__/useFirestoreSync.test.tsx[2m > [22m[2museFirestoreSync[2m > [22m[2ma remote preferences snapshot updates the medication preferences store
2026-06-29T04:35:21.7973061Z [22m[39m[medicationSlots] slot-defs backfill failed [FirebaseError: Expected first argument to collection() to be a CollectionReference, a DocumentReference or FirebaseFirestore] {
2026-06-29T04:35:21.7974162Z   code: [32m'invalid-argument'[39m,
2026-06-29T04:35:21.7974538Z   customData: [90mundefined[39m,
2026-06-29T04:35:21.7974964Z   toString: [36m[Function (anonymous)][39m
2026-06-29T04:35:21.7975308Z }
2026-06-29T04:35:21.8006881Z [useFirestoreSync] Failed to subscribe to task-completions [FirebaseError: Expected first argument to collection() to be a CollectionReference, a DocumentReference or FirebaseFirestore] {
2026-06-29T04:35:21.8008153Z   code: [32m'invalid-argument'[39m,
2026-06-29T04:35:21.8008614Z   customData: [90mundefined[39m,
2026-06-29T04:35:21.8009074Z   toString: [36m[Function (anonymous)][39m
2026-06-29T04:35:21.8009428Z }
2026-06-29T04:35:21.8010632Z [useFirestoreSync] Failed to subscribe to dormancy-threshold [FirebaseError: Expected first argument to doc() to be a CollectionReference, a DocumentReference or FirebaseFirestore] {
2026-06-29T04:35:21.8011743Z   code: [32m'invalid-argument'[39m,
2026-06-29T04:35:21.8012175Z   customData: [90mundefined[39m,
2026-06-29T04:35:21.8012625Z   toString: [36m[Function (anonymous)][39m
2026-06-29T04:35:21.8012977Z }
2026-06-29T04:35:21.8014118Z [useFirestoreSync] Failed to subscribe to courses [FirebaseError: Expected first argument to collection() to be a CollectionReference, a DocumentReference or FirebaseFirestore] {
2026-06-29T04:35:21.8015212Z   code: [32m'invalid-argument'[39m,
2026-06-29T04:35:21.8015752Z   customData: [90mundefined[39m,
2026-06-29T04:35:21.8016203Z   toString: [36m[Function (anonymous)][39m
2026-06-29T04:35:21.8016548Z }
2026-06-29T04:35:21.8017698Z [useFirestoreSync] Failed to subscribe to theme-preferences [FirebaseError: Expected first argument to doc() to be a CollectionReference, a DocumentReference or FirebaseFirestore] {
2026-06-29T04:35:21.8019016Z   code: [32m'invalid-argument'[39m,
2026-06-29T04:35:21.8019438Z   customData: [90mundefined[39m,
2026-06-29T04:35:21.8019875Z   toString: [36m[Function (anonymous)][39m
2026-06-29T04:35:21.8020219Z }
2026-06-29T04:35:21.8021455Z [useFirestoreSync] Failed to subscribe to nd-preferences [FirebaseError: Expected first argument to doc() to be a CollectionReference, a DocumentReference or FirebaseFirestore] {
2026-06-29T04:35:21.8022530Z   code: [32m'invalid-argument'[39m,
2026-06-29T04:35:21.8022948Z   customData: [90mundefined[39m,
2026-06-29T04:35:21.8023380Z   toString: [36m[Function (anonymous)][39m
2026-06-29T04:35:21.8023729Z }
2026-06-29T04:35:21.8024869Z [useFirestoreSync] Failed to subscribe to a11y-preferences [FirebaseError: Expected first argument to doc() to be a CollectionReference, a DocumentReference or FirebaseFirestore] {
2026-06-29T04:35:21.8026081Z   code: [32m'invalid-argument'[39m,
2026-06-29T04:35:21.8026530Z   customData: [90mundefined[39m,
2026-06-29T04:35:21.8026971Z   toString: [36m[Function (anonymous)][39m
2026-06-29T04:35:21.8027308Z }
2026-06-29T04:35:21.8028505Z [useFirestoreSync] Failed to subscribe to self-care-logs [FirebaseError: Expected first argument to collection() to be a CollectionReference, a DocumentReference or FirebaseFirestore] {
2026-06-29T04:35:21.8029633Z   code: [32m'invalid-argument'[39m,
2026-06-29T04:35:21.8030056Z   customData: [90mundefined[39m,
2026-06-29T04:35:21.8030489Z   toString: [36m[Function (anonymous)][39m
2026-06-29T04:35:21.8030832Z }
2026-06-29T04:35:21.8032010Z [useFirestoreSync] Failed to subscribe to self-care-steps [FirebaseError: Expected first argument to collection() to be a CollectionReference, a DocumentReference or FirebaseFirestore] {
2026-06-29T04:35:21.8033139Z   code: [32m'invalid-argument'[39m,
2026-06-29T04:35:21.8033565Z   customData: [90mundefined[39m,
2026-06-29T04:35:21.8034009Z   toString: [36m[Function (anonymous)][39m
2026-06-29T04:35:21.8034587Z }
2026-06-29T04:35:21.8066102Z [useFirestoreSync] Failed to subscribe to dashboard-preferences [FirebaseError: Expected first argument to doc() to be a CollectionReference, a DocumentReference or FirebaseFirestore] {
2026-06-29T04:35:21.8067396Z   code: [32m'invalid-argument'[39m,
2026-06-29T04:35:21.8067865Z   customData: [90mundefined[39m,
2026-06-29T04:35:21.8068355Z   toString: [36m[Function (anonymous)][39m
2026-06-29T04:35:21.8068714Z }
2026-06-29T04:35:21.8069885Z [useFirestoreSync] Failed to subscribe to advanced-tuning [FirebaseError: Expected first argument to doc() to be a CollectionReference, a DocumentReference or FirebaseFirestore] {
2026-06-29T04:35:21.8070988Z   code: [32m'invalid-argument'[39m,
2026-06-29T04:35:21.8071426Z   customData: [90mundefined[39m,
2026-06-29T04:35:21.8071875Z   toString: [36m[Function (anonymous)][39m
2026-06-29T04:35:21.8072229Z }
2026-06-29T04:35:21.8073424Z [useFirestoreSync] Failed to subscribe to rest-days [FirebaseError: Expected first argument to collection() to be a CollectionReference, a DocumentReference or FirebaseFirestore] {
2026-06-29T04:35:21.8074526Z   code: [32m'invalid-argument'[39m,
2026-06-29T04:35:21.8074957Z   customData: [90mundefined[39m,
2026-06-29T04:35:21.8075402Z   toString: [36m[Function (anonymous)][39m
2026-06-29T04:35:21.8075854Z }
2026-06-29T04:35:21.8077103Z [useFirestoreSync] Failed to subscribe to notification-profiles [FirebaseError: Expected first argument to collection() to be a CollectionReference, a DocumentReference or FirebaseFirestore] {
2026-06-29T04:35:21.8078286Z   code: [32m'invalid-argument'[39m,
2026-06-29T04:35:21.8078707Z   customData: [90mundefined[39m,
2026-06-29T04:35:21.8079147Z   toString: [36m[Function (anonymous)][39m
2026-06-29T04:35:21.8079485Z }
2026-06-29T04:35:21.8080714Z [useFirestoreSync] Failed to subscribe to active-notification-profile [FirebaseError: Expected first argument to doc() to be a CollectionReference, a DocumentReference or FirebaseFirestore] {
2026-06-29T04:35:21.8082060Z   code: [32m'invalid-argument'[39m,
2026-06-29T04:35:21.8082482Z   customData: [90mundefined[39m,
2026-06-29T04:35:21.8082918Z   toString: [36m[Function (anonymous)][39m
2026-06-29T04:35:21.8083261Z }
2026-06-29T04:35:21.8084550Z [useFirestoreSync] Failed to subscribe to custom-sounds [FirebaseError: Expected first argument to collection() to be a CollectionReference, a DocumentReference or FirebaseFirestore] {
2026-06-29T04:35:21.8085801Z   code: [32m'invalid-argument'[39m,
2026-06-29T04:35:21.8086225Z   customData: [90mundefined[39m,
2026-06-29T04:35:21.8086667Z   toString: [36m[Function (anonymous)][39m
2026-06-29T04:35:21.8087035Z }
2026-06-29T04:35:21.8088203Z [useFirestoreSync] Failed to subscribe to saved-filters [FirebaseError: Expected first argument to collection() to be a CollectionReference, a DocumentReference or FirebaseFirestore] {
2026-06-29T04:35:21.8089307Z   code: [32m'invalid-argument'[39m,
2026-06-29T04:35:21.8089723Z   customData: [90mundefined[39m,
2026-06-29T04:35:21.8090157Z   toString: [36m[Function (anonymous)][39m
2026-06-29T04:35:21.8090492Z }
2026-06-29T04:35:21.8091658Z [useFirestoreSync] Failed to subscribe to nlp-shortcuts [FirebaseError: Expected first argument to collection() to be a CollectionReference, a DocumentReference or FirebaseFirestore] {
2026-06-29T04:35:21.8092764Z   code: [32m'invalid-argument'[39m,
2026-06-29T04:35:21.8093180Z   customData: [90mundefined[39m,
2026-06-29T04:35:21.8093618Z   toString: [36m[Function (anonymous)][39m
2026-06-29T04:35:21.8093962Z }
2026-06-29T04:35:21.8095137Z [useFirestoreSync] Failed to subscribe to habit-templates [FirebaseError: Expected first argument to collection() to be a CollectionReference, a DocumentReference or FirebaseFirestore] {
2026-06-29T04:35:21.8126757Z   code: [32m'invalid-argument'[39m,
2026-06-29T04:35:21.8127232Z   customData: [90mundefined[39m,
2026-06-29T04:35:21.8127697Z   toString: [36m[Function (anonymous)][39m
2026-06-29T04:35:21.8128088Z }
2026-06-29T04:35:21.8129324Z [useFirestoreSync] Failed to subscribe to project-templates [FirebaseError: Expected first argument to collection() to be a CollectionReference, a DocumentReference or FirebaseFirestore] {
2026-06-29T04:35:21.8130481Z   code: [32m'invalid-argument'[39m,
2026-06-29T04:35:21.8130911Z   customData: [90mundefined[39m,
2026-06-29T04:35:21.8131365Z   toString: [36m[Function (anonymous)][39m
2026-06-29T04:35:21.8131708Z }
2026-06-29T04:35:21.8132880Z [useFirestoreSync] Failed to subscribe to task-timings [FirebaseError: Expected first argument to collection() to be a CollectionReference, a DocumentReference or FirebaseFirestore] {
2026-06-29T04:35:21.8134011Z   code: [32m'invalid-argument'[39m,
2026-06-29T04:35:21.8134430Z   customData: [90mundefined[39m,
2026-06-29T04:35:21.8134866Z   toString: [36m[Function (anonymous)][39m
2026-06-29T04:35:21.8135202Z }
2026-06-29T04:35:21.8136498Z [useFirestoreSync] Failed to subscribe to milestones [FirebaseError: Expected first argument to collection() to be a CollectionReference, a DocumentReference or FirebaseFirestore] {
2026-06-29T04:35:21.8137617Z   code: [32m'invalid-argument'[39m,
2026-06-29T04:35:21.8138051Z   customData: [90mundefined[39m,
2026-06-29T04:35:21.8138490Z   toString: [36m[Function (anonymous)][39m
2026-06-29T04:35:21.8138829Z }
2026-06-29T04:35:21.8140059Z [useFirestoreSync] Failed to subscribe to medication-slots-ext [FirebaseError: Expected first argument to collection() to be a CollectionReference, a DocumentReference or FirebaseFirestore] {
2026-06-29T04:35:21.8141198Z   code: [32m'invalid-argument'[39m,
2026-06-29T04:35:21.8141614Z   customData: [90mundefined[39m,
2026-06-29T04:35:21.8142059Z   toString: [36m[Function (anonymous)][39m
2026-06-29T04:35:21.8142399Z }
2026-06-29T04:35:21.8143654Z [useFirestoreSync] Failed to subscribe to medication-slot-overrides [FirebaseError: Expected first argument to collection() to be a CollectionReference, a DocumentReference or FirebaseFirestore] {
2026-06-29T04:35:21.8145035Z   code: [32m'invalid-argument'[39m,
2026-06-29T04:35:21.8145459Z   customData: [90mundefined[39m,
2026-06-29T04:35:21.8146011Z   toString: [36m[Function (anonymous)][39m
2026-06-29T04:35:21.8146358Z }
2026-06-29T04:35:21.8147728Z [useFirestoreSync] Failed to subscribe to medication-tier-states [FirebaseError: Expected first argument to collection() to be a CollectionReference, a DocumentReference or FirebaseFirestore] {
2026-06-29T04:35:21.8148901Z   code: [32m'invalid-argument'[39m,
2026-06-29T04:35:21.8149318Z   customData: [90mundefined[39m,
2026-06-29T04:35:21.8149746Z   toString: [36m[Function (anonymous)][39m
2026-06-29T04:35:21.8150084Z }
2026-06-29T04:35:21.8151293Z [useFirestoreSync] Failed to subscribe to medication-refills [FirebaseError: Expected first argument to collection() to be a CollectionReference, a DocumentReference or FirebaseFirestore] {
2026-06-29T04:35:21.8152437Z   code: [32m'invalid-argument'[39m,
2026-06-29T04:35:21.8152848Z   customData: [90mundefined[39m,
2026-06-29T04:35:21.8153283Z   toString: [36m[Function (anonymous)][39m
2026-06-29T04:35:21.8153625Z }
2026-06-29T04:35:21.8176741Z [useFirestoreSync] Failed to subscribe to daily-essential-slot-completions [FirebaseError: Expected first argument to collection() to be a CollectionReference, a DocumentReference or FirebaseFirestore] {
2026-06-29T04:35:21.8178128Z   code: [32m'invalid-argument'[39m,
2026-06-29T04:35:21.8178605Z   customData: [90mundefined[39m,
2026-06-29T04:35:21.8179064Z   toString: [36m[Function (anonymous)][39m
2026-06-29T04:35:21.8179423Z }
2026-06-29T04:35:21.8180601Z [useFirestoreSync] Failed to subscribe to sort-preferences [FirebaseError: Expected first argument to doc() to be a CollectionReference, a DocumentReference or FirebaseFirestore] {
2026-06-29T04:35:21.8181718Z   code: [32m'invalid-argument'[39m,
2026-06-29T04:35:21.8182151Z   customData: [90mundefined[39m,
2026-06-29T04:35:21.8182597Z   toString: [36m[Function (anonymous)][39m
2026-06-29T04:35:21.8182962Z }
2026-06-29T04:35:21.8183082Z 
2026-06-29T04:35:21.8184169Z [90mstderr[2m | src/hooks/__tests__/useFirestoreSync.test.tsx[2m > [22m[2museFirestoreSync[2m > [22m[2ma remote dependencies snapshot updates the dependency store
2026-06-29T04:35:21.8186286Z [22m[39m[medicationSlots] slot-defs backfill failed [FirebaseError: Expected first argument to collection() to be a CollectionReference, a DocumentReference or FirebaseFirestore] {
2026-06-29T04:35:21.8187396Z   code: [32m'invalid-argument'[39m,
2026-06-29T04:35:21.8187823Z   customData: [90mundefined[39m,
2026-06-29T04:35:21.8188271Z   toString: [36m[Function (anonymous)][39m
2026-06-29T04:35:21.8188615Z }
2026-06-29T04:35:21.8189822Z [useFirestoreSync] Failed to subscribe to task-completions [FirebaseError: Expected first argument to collection() to be a CollectionReference, a DocumentReference or FirebaseFirestore] {
2026-06-29T04:35:21.8190949Z   code: [32m'invalid-argument'[39m,
2026-06-29T04:35:21.8191370Z   customData: [90mundefined[39m,
2026-06-29T04:35:21.8191815Z   toString: [36m[Function (anonymous)][39m
2026-06-29T04:35:21.8192151Z }
2026-06-29T04:35:21.8193315Z [useFirestoreSync] Failed to subscribe to dormancy-threshold [FirebaseError: Expected first argument to doc() to be a CollectionReference, a DocumentReference or FirebaseFirestore] {
2026-06-29T04:35:21.8194437Z   code: [32m'invalid-argument'[39m,
2026-06-29T04:35:21.8194861Z   customData: [90mundefined[39m,
2026-06-29T04:35:21.8195296Z   toString: [36m[Function (anonymous)][39m
2026-06-29T04:35:21.8195800Z }
2026-06-29T04:35:21.8196936Z [useFirestoreSync] Failed to subscribe to courses [FirebaseError: Expected first argument to collection() to be a CollectionReference, a DocumentReference or FirebaseFirestore] {
2026-06-29T04:35:21.8198065Z   code: [32m'invalid-argument'[39m,
2026-06-29T04:35:21.8198488Z   customData: [90mundefined[39m,
2026-06-29T04:35:21.8198928Z   toString: [36m[Function (anonymous)][39m
2026-06-29T04:35:21.8199270Z }
2026-06-29T04:35:21.8200637Z [useFirestoreSync] Failed to subscribe to theme-preferences [FirebaseError: Expected first argument to doc() to be a CollectionReference, a DocumentReference or FirebaseFirestore] {
2026-06-29T04:35:21.8201723Z   code: [32m'invalid-argument'[39m,
2026-06-29T04:35:21.8202146Z   customData: [90mundefined[39m,
2026-06-29T04:35:21.8202583Z   toString: [36m[Function (anonymous)][39m
2026-06-29T04:35:21.8203044Z }
2026-06-29T04:35:21.8204180Z [useFirestoreSync] Failed to subscribe to nd-preferences [FirebaseError: Expected first argument to doc() to be a CollectionReference, a DocumentReference or FirebaseFirestore] {
2026-06-29T04:35:21.8205249Z   code: [32m'invalid-argument'[39m,
2026-06-29T04:35:21.8236082Z   customData: [90mundefined[39m,
2026-06-29T04:35:21.8236697Z   toString: [36m[Function (anonymous)][39m
2026-06-29T04:35:21.8237073Z }
2026-06-29T04:35:21.8238259Z [useFirestoreSync] Failed to subscribe to a11y-preferences [FirebaseError: Expected first argument to doc() to be a CollectionReference, a DocumentReference or FirebaseFirestore] {
2026-06-29T04:35:21.8239393Z   code: [32m'invalid-argument'[39m,
2026-06-29T04:35:21.8239830Z   customData: [90mundefined[39m,
2026-06-29T04:35:21.8240275Z   toString: [36m[Function (anonymous)][39m
2026-06-29T04:35:21.8240626Z }
2026-06-29T04:35:21.8241827Z [useFirestoreSync] Failed to subscribe to self-care-logs [FirebaseError: Expected first argument to collection() to be a CollectionReference, a DocumentReference or FirebaseFirestore] {
2026-06-29T04:35:21.8242944Z   code: [32m'invalid-argument'[39m,
2026-06-29T04:35:21.8243374Z   customData: [90mundefined[39m,
2026-06-29T04:35:21.8243827Z   toString: [36m[Function (anonymous)][39m
2026-06-29T04:35:21.8244170Z }
2026-06-29T04:35:21.8245363Z [useFirestoreSync] Failed to subscribe to self-care-steps [FirebaseError: Expected first argument to collection() to be a CollectionReference, a DocumentReference or FirebaseFirestore] {
2026-06-29T04:35:21.8246717Z   code: [32m'invalid-argument'[39m,
2026-06-29T04:35:21.8247169Z   customData: [90mundefined[39m,
2026-06-29T04:35:21.8247606Z   toString: [36m[Function (anonymous)][39m
2026-06-29T04:35:21.8247974Z }
2026-06-29T04:35:21.8249167Z [useFirestoreSync] Failed to subscribe to dashboard-preferences [FirebaseError: Expected first argument to doc() to be a CollectionReference, a DocumentReference or FirebaseFirestore] {
2026-06-29T04:35:21.8250295Z   code: [32m'invalid-argument'[39m,
2026-06-29T04:35:21.8250733Z   customData: [90mundefined[39m,
2026-06-29T04:35:21.8251187Z   toString: [36m[Function (anonymous)][39m
2026-06-29T04:35:21.8251535Z }
2026-06-29T04:35:21.8252684Z [useFirestoreSync] Failed to subscribe to advanced-tuning [FirebaseError: Expected first argument to doc() to be a CollectionReference, a DocumentReference or FirebaseFirestore] {
2026-06-29T04:35:21.8253775Z   code: [32m'invalid-argument'[39m,
2026-06-29T04:35:21.8254203Z   customData: [90mundefined[39m,
2026-06-29T04:35:21.8254640Z   toString: [36m[Function (anonymous)][39m
2026-06-29T04:35:21.8255016Z }
2026-06-29T04:35:21.8256311Z [useFirestoreSync] Failed to subscribe to rest-days [FirebaseError: Expected first argument to collection() to be a CollectionReference, a DocumentReference or FirebaseFirestore] {
2026-06-29T04:35:21.8257416Z   code: [32m'invalid-argument'[39m,
2026-06-29T04:35:21.8257866Z   customData: [90mundefined[39m,
2026-06-29T04:35:21.8258354Z   toString: [36m[Function (anonymous)][39m
2026-06-29T04:35:21.8258743Z }
2026-06-29T04:35:21.8260100Z [useFirestoreSync] Failed to subscribe to notification-profiles [FirebaseError: Expected first argument to collection() to be a CollectionReference, a DocumentReference or FirebaseFirestore] {
2026-06-29T04:35:21.8261377Z   code: [32m'invalid-argument'[39m,
2026-06-29T04:35:21.8261835Z   customData: [90mundefined[39m,
2026-06-29T04:35:21.8262307Z   toString: [36m[Function (anonymous)][39m
2026-06-29T04:35:21.8262705Z }
2026-06-29T04:35:21.8264025Z [useFirestoreSync] Failed to subscribe to active-notification-profile [FirebaseError: Expected first argument to doc() to be a CollectionReference, a DocumentReference or FirebaseFirestore] {
2026-06-29T04:35:21.8265523Z   code: [32m'invalid-argument'[39m,
2026-06-29T04:35:21.8296560Z   customData: [90mundefined[39m,
2026-06-29T04:35:21.8297049Z   toString: [36m[Function (anonymous)][39m
2026-06-29T04:35:21.8297416Z }
2026-06-29T04:35:21.8298840Z [useFirestoreSync] Failed to subscribe to custom-sounds [FirebaseError: Expected first argument to collection() to be a CollectionReference, a DocumentReference or FirebaseFirestore] {
2026-06-29T04:35:21.8299976Z   code: [32m'invalid-argument'[39m,
2026-06-29T04:35:21.8300417Z   customData: [90mundefined[39m,
2026-06-29T04:35:21.8300865Z   toString: [36m[Function (anonymous)][39m
2026-06-29T04:35:21.8301222Z }
2026-06-29T04:35:21.8302413Z [useFirestoreSync] Failed to subscribe to saved-filters [FirebaseError: Expected first argument to collection() to be a CollectionReference, a DocumentReference or FirebaseFirestore] {
2026-06-29T04:35:21.8303532Z   code: [32m'invalid-argument'[39m,
2026-06-29T04:35:21.8303960Z   customData: [90mundefined[39m,
2026-06-29T04:35:21.8304475Z   toString: [36m[Function (anonymous)][39m
2026-06-29T04:35:21.8304843Z }
2026-06-29T04:35:21.8306186Z [useFirestoreSync] Failed to subscribe to nlp-shortcuts [FirebaseError: Expected first argument to collection() to be a CollectionReference, a DocumentReference or FirebaseFirestore] {
2026-06-29T04:35:21.8307378Z   code: [32m'invalid-argument'[39m,
2026-06-29T04:35:21.8307864Z   customData: [90mundefined[39m,
2026-06-29T04:35:21.8308344Z   toString: [36m[Function (anonymous)][39m
2026-06-29T04:35:21.8308706Z }
2026-06-29T04:35:21.8309956Z [useFirestoreSync] Failed to subscribe to habit-templates [FirebaseError: Expected first argument to collection() to be a CollectionReference, a DocumentReference or FirebaseFirestore] {
2026-06-29T04:35:21.8311175Z   code: [32m'invalid-argument'[39m,
2026-06-29T04:35:21.8311636Z   customData: [90mundefined[39m,
2026-06-29T04:35:21.8312148Z   toString: [36m[Function (anonymous)][39m
2026-06-29T04:35:21.8312512Z }
2026-06-29T04:35:21.8313788Z [useFirestoreSync] Failed to subscribe to project-templates [FirebaseError: Expected first argument to collection() to be a CollectionReference, a DocumentReference or FirebaseFirestore] {
2026-06-29T04:35:21.8315077Z   code: [32m'invalid-argument'[39m,
2026-06-29T04:35:21.8315564Z   customData: [90mundefined[39m,
2026-06-29T04:35:21.8316224Z   toString: [36m[Function (anonymous)][39m
2026-06-29T04:35:21.8316594Z }
2026-06-29T04:35:21.8317813Z [useFirestoreSync] Failed to subscribe to task-timings [FirebaseError: Expected first argument to collection() to be a CollectionReference, a DocumentReference or FirebaseFirestore] {
2026-06-29T04:35:21.8319031Z   code: [32m'invalid-argument'[39m,
2026-06-29T04:35:21.8319501Z   customData: [90mundefined[39m,
2026-06-29T04:35:21.8319999Z   toString: [36m[Function (anonymous)][39m
2026-06-29T04:35:21.8320377Z }
2026-06-29T04:35:21.8321595Z [useFirestoreSync] Failed to subscribe to milestones [FirebaseError: Expected first argument to collection() to be a CollectionReference, a DocumentReference or FirebaseFirestore] {
2026-06-29T04:35:21.8322874Z   code: [32m'invalid-argument'[39m,
2026-06-29T04:35:21.8323359Z   customData: [90mundefined[39m,
2026-06-29T04:35:21.8323852Z   toString: [36m[Function (anonymous)][39m
2026-06-29T04:35:21.8324249Z }
2026-06-29T04:35:21.8325529Z [useFirestoreSync] Failed to subscribe to medication-slots-ext [FirebaseError: Expected first argument to collection() to be a CollectionReference, a DocumentReference or FirebaseFirestore] {
2026-06-29T04:35:21.8326988Z   code: [32m'invalid-argument'[39m,
2026-06-29T04:35:21.8327415Z   customData: [90mundefined[39m,
2026-06-29T04:35:21.8327842Z   toString: [36m[Function (anonymous)][39m
2026-06-29T04:35:21.8328168Z }
2026-06-29T04:35:21.8329351Z [useFirestoreSync] Failed to subscribe to medication-slot-overrides [FirebaseError: Expected first argument to collection() to be a CollectionReference, a DocumentReference or FirebaseFirestore] {
2026-06-29T04:35:21.8330737Z   code: [32m'invalid-argument'[39m,
2026-06-29T04:35:21.8331173Z   customData: [90mundefined[39m,
2026-06-29T04:35:21.8331632Z   toString: [36m[Function (anonymous)][39m
2026-06-29T04:35:21.8331980Z }
2026-06-29T04:35:21.8333375Z [useFirestoreSync] Failed to subscribe to medication-tier-states [FirebaseError: Expected first argument to collection() to be a CollectionReference, a DocumentReference or FirebaseFirestore] {
2026-06-29T04:35:21.8334564Z   code: [32m'invalid-argument'[39m,
2026-06-29T04:35:21.8334996Z   customData: [90mundefined[39m,
2026-06-29T04:35:21.8335440Z   toString: [36m[Function (anonymous)][39m
2026-06-29T04:35:21.8335941Z }
2026-06-29T04:35:21.8337149Z [useFirestoreSync] Failed to subscribe to medication-refills [FirebaseError: Expected first argument to collection() to be a CollectionReference, a DocumentReference or FirebaseFirestore] {
2026-06-29T04:35:21.8338298Z   code: [32m'invalid-argument'[39m,
2026-06-29T04:35:21.8338714Z   customData: [90mundefined[39m,
2026-06-29T04:35:21.8339162Z   toString: [36m[Function (anonymous)][39m
2026-06-29T04:35:21.8339500Z }
2026-06-29T04:35:21.8340825Z [useFirestoreSync] Failed to subscribe to daily-essential-slot-completions [FirebaseError: Expected first argument to collection() to be a CollectionReference, a DocumentReference or FirebaseFirestore] {
2026-06-29T04:35:21.8342054Z   code: [32m'invalid-argument'[39m,
2026-06-29T04:35:21.8342476Z   customData: [90mundefined[39m,
2026-06-29T04:35:21.8342909Z   toString: [36m[Function (anonymous)][39m
2026-06-29T04:35:21.8343258Z }
2026-06-29T04:35:21.8344400Z [useFirestoreSync] Failed to subscribe to sort-preferences [FirebaseError: Expected first argument to doc() to be a CollectionReference, a DocumentReference or FirebaseFirestore] {
2026-06-29T04:35:21.8345489Z   code: [32m'invalid-argument'[39m,
2026-06-29T04:35:21.8346024Z   customData: [90mundefined[39m,
2026-06-29T04:35:21.8346467Z   toString: [36m[Function (anonymous)][39m
2026-06-29T04:35:21.8346849Z }
2026-06-29T04:35:21.8346975Z 
2026-06-29T04:35:21.8348086Z [90mstderr[2m | src/hooks/__tests__/useFirestoreSync.test.tsx[2m > [22m[2museFirestoreSync[2m > [22m[2ma remote phases snapshot updates the phase store
2026-06-29T04:35:21.8350196Z [22m[39m[medicationSlots] slot-defs backfill failed [FirebaseError: Expected first argument to collection() to be a CollectionReference, a DocumentReference or FirebaseFirestore] {
2026-06-29T04:35:21.8351384Z   code: [32m'invalid-argument'[39m,
2026-06-29T04:35:21.8351863Z   customData: [90mundefined[39m,
2026-06-29T04:35:21.8352331Z   toString: [36m[Function (anonymous)][39m
2026-06-29T04:35:21.8352696Z }
2026-06-29T04:35:21.8353999Z [useFirestoreSync] Failed to subscribe to task-completions [FirebaseError: Expected first argument to collection() to be a CollectionReference, a DocumentReference or FirebaseFirestore] {
2026-06-29T04:35:21.8355231Z   code: [32m'invalid-argument'[39m,
2026-06-29T04:35:21.8355877Z   customData: [90mundefined[39m,
2026-06-29T04:35:21.8356342Z   toString: [36m[Function (anonymous)][39m
2026-06-29T04:35:21.8356719Z }
2026-06-29T04:35:21.8357863Z [useFirestoreSync] Failed to subscribe to dormancy-threshold [FirebaseError: Expected first argument to doc() to be a CollectionReference, a DocumentReference or FirebaseFirestore] {
2026-06-29T04:35:21.8359020Z   code: [32m'invalid-argument'[39m,
2026-06-29T04:35:21.8359473Z   customData: [90mundefined[39m,
2026-06-29T04:35:21.8359937Z   toString: [36m[Function (anonymous)][39m
2026-06-29T04:35:21.8360310Z }
2026-06-29T04:35:21.8361535Z [useFirestoreSync] Failed to subscribe to courses [FirebaseError: Expected first argument to collection() to be a CollectionReference, a DocumentReference or FirebaseFirestore] {
2026-06-29T04:35:21.8362703Z   code: [32m'invalid-argument'[39m,
2026-06-29T04:35:21.8363155Z   customData: [90mundefined[39m,
2026-06-29T04:35:21.8363848Z   toString: [36m[Function (anonymous)][39m
2026-06-29T04:35:21.8364200Z }
2026-06-29T04:35:21.8365361Z [useFirestoreSync] Failed to subscribe to theme-preferences [FirebaseError: Expected first argument to doc() to be a CollectionReference, a DocumentReference or FirebaseFirestore] {
2026-06-29T04:35:21.8366598Z   code: [32m'invalid-argument'[39m,
2026-06-29T04:35:21.8367152Z   customData: [90mundefined[39m,
2026-06-29T04:35:21.8367602Z   toString: [36m[Function (anonymous)][39m
2026-06-29T04:35:21.8367961Z }
2026-06-29T04:35:21.8369083Z [useFirestoreSync] Failed to subscribe to nd-preferences [FirebaseError: Expected first argument to doc() to be a CollectionReference, a DocumentReference or FirebaseFirestore] {
2026-06-29T04:35:21.8370157Z   code: [32m'invalid-argument'[39m,
2026-06-29T04:35:21.8370577Z   customData: [90mundefined[39m,
2026-06-29T04:35:21.8370804Z   toString: [36m[Function (anonymous)][39m
2026-06-29T04:35:21.8370898Z }
2026-06-29T04:35:21.8371931Z [useFirestoreSync] Failed to subscribe to a11y-preferences [FirebaseError: Expected first argument to doc() to be a CollectionReference, a DocumentReference or FirebaseFirestore] {
2026-06-29T04:35:21.8372147Z   code: [32m'invalid-argument'[39m,
2026-06-29T04:35:21.8372339Z   customData: [90mundefined[39m,
2026-06-29T04:35:21.8372570Z   toString: [36m[Function (anonymous)][39m
2026-06-29T04:35:21.8372666Z }
2026-06-29T04:35:21.8373789Z [useFirestoreSync] Failed to subscribe to self-care-logs [FirebaseError: Expected first argument to collection() to be a CollectionReference, a DocumentReference or FirebaseFirestore] {
2026-06-29T04:35:21.8374001Z   code: [32m'invalid-argument'[39m,
2026-06-29T04:35:21.8374199Z   customData: [90mundefined[39m,
2026-06-29T04:35:21.8374434Z   toString: [36m[Function (anonymous)][39m
2026-06-29T04:35:21.8374534Z }
2026-06-29T04:35:21.8375714Z [useFirestoreSync] Failed to subscribe to self-care-steps [FirebaseError: Expected first argument to collection() to be a CollectionReference, a DocumentReference or FirebaseFirestore] {
2026-06-29T04:35:21.8375924Z   code: [32m'invalid-argument'[39m,
2026-06-29T04:35:21.8376119Z   customData: [90mundefined[39m,
2026-06-29T04:35:21.8376340Z   toString: [36m[Function (anonymous)][39m
2026-06-29T04:35:21.8376443Z }
2026-06-29T04:35:21.8377446Z [useFirestoreSync] Failed to subscribe to dashboard-preferences [FirebaseError: Expected first argument to doc() to be a CollectionReference, a DocumentReference or FirebaseFirestore] {
2026-06-29T04:35:21.8377657Z   code: [32m'invalid-argument'[39m,
2026-06-29T04:35:21.8377854Z   customData: [90mundefined[39m,
2026-06-29T04:35:21.8378070Z   toString: [36m[Function (anonymous)][39m
2026-06-29T04:35:21.8378171Z }
2026-06-29T04:35:21.8379197Z [useFirestoreSync] Failed to subscribe to advanced-tuning [FirebaseError: Expected first argument to doc() to be a CollectionReference, a DocumentReference or FirebaseFirestore] {
2026-06-29T04:35:21.8379397Z   code: [32m'invalid-argument'[39m,
2026-06-29T04:35:21.8379603Z   customData: [90mundefined[39m,
2026-06-29T04:35:21.8379823Z   toString: [36m[Function (anonymous)][39m
2026-06-29T04:35:21.8379925Z }
2026-06-29T04:35:21.8380953Z [useFirestoreSync] Failed to subscribe to rest-days [FirebaseError: Expected first argument to collection() to be a CollectionReference, a DocumentReference or FirebaseFirestore] {
2026-06-29T04:35:21.8381155Z   code: [32m'invalid-argument'[39m,
2026-06-29T04:35:21.8381355Z   customData: [90mundefined[39m,
2026-06-29T04:35:21.8381585Z   toString: [36m[Function (anonymous)][39m
2026-06-29T04:35:21.8381680Z }
2026-06-29T04:35:21.8382814Z [useFirestoreSync] Failed to subscribe to notification-profiles [FirebaseError: Expected first argument to collection() to be a CollectionReference, a DocumentReference or FirebaseFirestore] {
2026-06-29T04:35:21.8383023Z   code: [32m'invalid-argument'[39m,
2026-06-29T04:35:21.8383213Z   customData: [90mundefined[39m,
2026-06-29T04:35:21.8383439Z   toString: [36m[Function (anonymous)][39m
2026-06-29T04:35:21.8383670Z }
2026-06-29T04:35:21.8384795Z [useFirestoreSync] Failed to subscribe to active-notification-profile [FirebaseError: Expected first argument to doc() to be a CollectionReference, a DocumentReference or FirebaseFirestore] {
2026-06-29T04:35:21.8385001Z   code: [32m'invalid-argument'[39m,
2026-06-29T04:35:21.8385187Z   customData: [90mundefined[39m,
2026-06-29T04:35:21.8385516Z   toString: [36m[Function (anonymous)][39m
2026-06-29T04:35:21.8385784Z }
2026-06-29T04:35:21.8386866Z [useFirestoreSync] Failed to subscribe to custom-sounds [FirebaseError: Expected first argument to collection() to be a CollectionReference, a DocumentReference or FirebaseFirestore] {
2026-06-29T04:35:21.8387090Z   code: [32m'invalid-argument'[39m,
2026-06-29T04:35:21.8387294Z   customData: [90mundefined[39m,
2026-06-29T04:35:21.8387514Z   toString: [36m[Function (anonymous)][39m
2026-06-29T04:35:21.8387615Z }
2026-06-29T04:35:21.8388681Z [useFirestoreSync] Failed to subscribe to saved-filters [FirebaseError: Expected first argument to collection() to be a CollectionReference, a DocumentReference or FirebaseFirestore] {
2026-06-29T04:35:21.8388901Z   code: [32m'invalid-argument'[39m,
2026-06-29T04:35:21.8389099Z   customData: [90mundefined[39m,
2026-06-29T04:35:21.8389315Z   toString: [36m[Function (anonymous)][39m
2026-06-29T04:35:21.8389420Z }
2026-06-29T04:35:21.8390483Z [useFirestoreSync] Failed to subscribe to nlp-shortcuts [FirebaseError: Expected first argument to collection() to be a CollectionReference, a DocumentReference or FirebaseFirestore] {
2026-06-29T04:35:21.8390683Z   code: [32m'invalid-argument'[39m,
2026-06-29T04:35:21.8390881Z   customData: [90mundefined[39m,
2026-06-29T04:35:21.8391108Z   toString: [36m[Function (anonymous)][39m
2026-06-29T04:35:21.8391201Z }
2026-06-29T04:35:21.8392279Z [useFirestoreSync] Failed to subscribe to habit-templates [FirebaseError: Expected first argument to collection() to be a CollectionReference, a DocumentReference or FirebaseFirestore] {
2026-06-29T04:35:21.8392484Z   code: [32m'invalid-argument'[39m,
2026-06-29T04:35:21.8392683Z   customData: [90mundefined[39m,
2026-06-29T04:35:21.8392911Z   toString: [36m[Function (anonymous)][39m
2026-06-29T04:35:21.8393004Z }
2026-06-29T04:35:21.8394101Z [useFirestoreSync] Failed to subscribe to project-templates [FirebaseError: Expected first argument to collection() to be a CollectionReference, a DocumentReference or FirebaseFirestore] {
2026-06-29T04:35:21.8394310Z   code: [32m'invalid-argument'[39m,
2026-06-29T04:35:21.8394497Z   customData: [90mundefined[39m,
2026-06-29T04:35:21.8394722Z   toString: [36m[Function (anonymous)][39m
2026-06-29T04:35:21.8394815Z }
2026-06-29T04:35:21.8395977Z [useFirestoreSync] Failed to subscribe to task-timings [FirebaseError: Expected first argument to collection() to be a CollectionReference, a DocumentReference or FirebaseFirestore] {
2026-06-29T04:35:21.8396188Z   code: [32m'invalid-argument'[39m,
2026-06-29T04:35:21.8396376Z   customData: [90mundefined[39m,
2026-06-29T04:35:21.8396609Z   toString: [36m[Function (anonymous)][39m
2026-06-29T04:35:21.8396708Z }
2026-06-29T04:35:21.8397739Z [useFirestoreSync] Failed to subscribe to milestones [FirebaseError: Expected first argument to collection() to be a CollectionReference, a DocumentReference or FirebaseFirestore] {
2026-06-29T04:35:21.8397957Z   code: [32m'invalid-argument'[39m,
2026-06-29T04:35:21.8398152Z   customData: [90mundefined[39m,
2026-06-29T04:35:21.8398368Z   toString: [36m[Function (anonymous)][39m
2026-06-29T04:35:21.8398472Z }
2026-06-29T04:35:21.8399586Z [useFirestoreSync] Failed to subscribe to medication-slots-ext [FirebaseError: Expected first argument to collection() to be a CollectionReference, a DocumentReference or FirebaseFirestore] {
2026-06-29T04:35:21.8399797Z   code: [32m'invalid-argument'[39m,
2026-06-29T04:35:21.8399996Z   customData: [90mundefined[39m,
2026-06-29T04:35:21.8400211Z   toString: [36m[Function (anonymous)][39m
2026-06-29T04:35:21.8400498Z }
2026-06-29T04:35:21.8401675Z [useFirestoreSync] Failed to subscribe to medication-slot-overrides [FirebaseError: Expected first argument to collection() to be a CollectionReference, a DocumentReference or FirebaseFirestore] {
2026-06-29T04:35:21.8401880Z   code: [32m'invalid-argument'[39m,
2026-06-29T04:35:21.8402080Z   customData: [90mundefined[39m,
2026-06-29T04:35:21.8402416Z   toString: [36m[Function (anonymous)][39m
2026-06-29T04:35:21.8402512Z }
2026-06-29T04:35:21.8403638Z [useFirestoreSync] Failed to subscribe to medication-tier-states [FirebaseError: Expected first argument to collection() to be a CollectionReference, a DocumentReference or FirebaseFirestore] {
2026-06-29T04:35:21.8403842Z   code: [32m'invalid-argument'[39m,
2026-06-29T04:35:21.8404040Z   customData: [90mundefined[39m,
2026-06-29T04:35:21.8404263Z   toString: [36m[Function (anonymous)][39m
2026-06-29T04:35:21.8404352Z }
2026-06-29T04:35:21.8405452Z [useFirestoreSync] Failed to subscribe to medication-refills [FirebaseError: Expected first argument to collection() to be a CollectionReference, a DocumentReference or FirebaseFirestore] {
2026-06-29T04:35:21.8405761Z   code: [32m'invalid-argument'[39m,
2026-06-29T04:35:21.8405956Z   customData: [90mundefined[39m,
2026-06-29T04:35:21.8406221Z   toString: [36m[Function (anonymous)][39m
2026-06-29T04:35:21.8406315Z }
2026-06-29T04:35:21.8407606Z [useFirestoreSync] Failed to subscribe to daily-essential-slot-completions [FirebaseError: Expected first argument to collection() to be a CollectionReference, a DocumentReference or FirebaseFirestore] {
2026-06-29T04:35:21.8407844Z   code: [32m'invalid-argument'[39m,
2026-06-29T04:35:21.8408059Z   customData: [90mundefined[39m,
2026-06-29T04:35:21.8408292Z   toString: [36m[Function (anonymous)][39m
2026-06-29T04:35:21.8408416Z }
2026-06-29T04:35:21.8409513Z [useFirestoreSync] Failed to subscribe to sort-preferences [FirebaseError: Expected first argument to doc() to be a CollectionReference, a DocumentReference or FirebaseFirestore] {
2026-06-29T04:35:21.8409761Z   code: [32m'invalid-argument'[39m,
2026-06-29T04:35:21.8409984Z   customData: [90mundefined[39m,
2026-06-29T04:35:21.8410231Z   toString: [36m[Function (anonymous)][39m
2026-06-29T04:35:21.8410336Z }
2026-06-29T04:35:21.8410346Z 
2026-06-29T04:35:21.8411353Z [90mstderr[2m | src/hooks/__tests__/useFirestoreSync.test.tsx[2m > [22m[2museFirestoreSync[2m > [22m[2ma remote risks snapshot updates the risk store
2026-06-29T04:35:21.8412613Z [22m[39m[medicationSlots] slot-defs backfill failed [FirebaseError: Expected first argument to collection() to be a CollectionReference, a DocumentReference or FirebaseFirestore] {
2026-06-29T04:35:21.8412865Z   code: [32m'invalid-argument'[39m,
2026-06-29T04:35:21.8413091Z   customData: [90mundefined[39m,
2026-06-29T04:35:21.8413357Z   toString: [36m[Function (anonymous)][39m
2026-06-29T04:35:21.8413463Z }
2026-06-29T04:35:21.8414600Z [useFirestoreSync] Failed to subscribe to task-completions [FirebaseError: Expected first argument to collection() to be a CollectionReference, a DocumentReference or FirebaseFirestore] {
2026-06-29T04:35:21.8414880Z   code: [32m'invalid-argument'[39m,
2026-06-29T04:35:21.8415110Z   customData: [90mundefined[39m,
2026-06-29T04:35:21.8415339Z   toString: [36m[Function (anonymous)][39m
2026-06-29T04:35:21.8415466Z }
2026-06-29T04:35:21.8416927Z [useFirestoreSync] Failed to subscribe to dormancy-threshold [FirebaseError: Expected first argument to doc() to be a CollectionReference, a DocumentReference or FirebaseFirestore] {
2026-06-29T04:35:21.8417213Z   code: [32m'invalid-argument'[39m,
2026-06-29T04:35:21.8417437Z   customData: [90mundefined[39m,
2026-06-29T04:35:21.8417693Z   toString: [36m[Function (anonymous)][39m
2026-06-29T04:35:21.8417799Z }
2026-06-29T04:35:21.8418891Z [useFirestoreSync] Failed to subscribe to courses [FirebaseError: Expected first argument to collection() to be a CollectionReference, a DocumentReference or FirebaseFirestore] {
2026-06-29T04:35:21.8419395Z   code: [32m'invalid-argument'[39m,
2026-06-29T04:35:21.8419630Z   customData: [90mundefined[39m,
2026-06-29T04:35:21.8419887Z   toString: [36m[Function (anonymous)][39m
2026-06-29T04:35:21.8420007Z }
2026-06-29T04:35:21.8421256Z [useFirestoreSync] Failed to subscribe to theme-preferences [FirebaseError: Expected first argument to doc() to be a CollectionReference, a DocumentReference or FirebaseFirestore] {
2026-06-29T04:35:21.8421556Z   code: [32m'invalid-argument'[39m,
2026-06-29T04:35:21.8421816Z   customData: [90mundefined[39m,
2026-06-29T04:35:21.8422077Z   toString: [36m[Function (anonymous)][39m
2026-06-29T04:35:21.8422173Z }
2026-06-29T04:35:21.8423226Z [useFirestoreSync] Failed to subscribe to nd-preferences [FirebaseError: Expected first argument to doc() to be a CollectionReference, a DocumentReference or FirebaseFirestore] {
2026-06-29T04:35:21.8423488Z   code: [32m'invalid-argument'[39m,
2026-06-29T04:35:21.8423710Z   customData: [90mundefined[39m,
2026-06-29T04:35:21.8423977Z   toString: [36m[Function (anonymous)][39m
2026-06-29T04:35:21.8424083Z }
2026-06-29T04:35:21.8425163Z [useFirestoreSync] Failed to subscribe to a11y-preferences [FirebaseError: Expected first argument to doc() to be a CollectionReference, a DocumentReference or FirebaseFirestore] {
2026-06-29T04:35:21.8425430Z   code: [32m'invalid-argument'[39m,
2026-06-29T04:35:21.8425814Z   customData: [90mundefined[39m,
2026-06-29T04:35:21.8426049Z   toString: [36m[Function (anonymous)][39m
2026-06-29T04:35:21.8426152Z }
2026-06-29T04:35:21.8427210Z [useFirestoreSync] Failed to subscribe to self-care-logs [FirebaseError: Expected first argument to collection() to be a CollectionReference, a DocumentReference or FirebaseFirestore] {
2026-06-29T04:35:21.8427468Z   code: [32m'invalid-argument'[39m,
2026-06-29T04:35:21.8427700Z   customData: [90mundefined[39m,
2026-06-29T04:35:21.8427927Z   toString: [36m[Function (anonymous)][39m
2026-06-29T04:35:21.8428031Z }
2026-06-29T04:35:21.8429092Z [useFirestoreSync] Failed to subscribe to self-care-steps [FirebaseError: Expected first argument to collection() to be a CollectionReference, a DocumentReference or FirebaseFirestore] {
2026-06-29T04:35:21.8429337Z   code: [32m'invalid-argument'[39m,
2026-06-29T04:35:21.8429573Z   customData: [90mundefined[39m,
2026-06-29T04:35:21.8429826Z   toString: [36m[Function (anonymous)][39m
2026-06-29T04:35:21.8429939Z }
2026-06-29T04:35:21.8431068Z [useFirestoreSync] Failed to subscribe to dashboard-preferences [FirebaseError: Expected first argument to doc() to be a CollectionReference, a DocumentReference or FirebaseFirestore] {
2026-06-29T04:35:21.8431319Z   code: [32m'invalid-argument'[39m,
2026-06-29T04:35:21.8431550Z   customData: [90mundefined[39m,
2026-06-29T04:35:21.8431811Z   toString: [36m[Function (anonymous)][39m
2026-06-29T04:35:21.8431907Z }
2026-06-29T04:35:21.8432977Z [useFirestoreSync] Failed to subscribe to advanced-tuning [FirebaseError: Expected first argument to doc() to be a CollectionReference, a DocumentReference or FirebaseFirestore] {
2026-06-29T04:35:21.8433250Z   code: [32m'invalid-argument'[39m,
2026-06-29T04:35:21.8433473Z   customData: [90mundefined[39m,
2026-06-29T04:35:21.8433727Z   toString: [36m[Function (anonymous)][39m
2026-06-29T04:35:21.8433823Z }
2026-06-29T04:35:21.8434923Z [useFirestoreSync] Failed to subscribe to rest-days [FirebaseError: Expected first argument to collection() to be a CollectionReference, a DocumentReference or FirebaseFirestore] {
2026-06-29T04:35:21.8435182Z   code: [32m'invalid-argument'[39m,
2026-06-29T04:35:21.8435381Z   customData: [90mundefined[39m,
2026-06-29T04:35:21.8435784Z   toString: [36m[Function (anonymous)][39m
2026-06-29T04:35:21.8435912Z }
2026-06-29T04:35:21.8437118Z [useFirestoreSync] Failed to subscribe to notification-profiles [FirebaseError: Expected first argument to collection() to be a CollectionReference, a DocumentReference or FirebaseFirestore] {
2026-06-29T04:35:21.8437344Z   code: [32m'invalid-argument'[39m,
2026-06-29T04:35:21.8437768Z   customData: [90mundefined[39m,
2026-06-29T04:35:21.8438024Z   toString: [36m[Function (anonymous)][39m
2026-06-29T04:35:21.8438140Z }
2026-06-29T04:35:21.8440260Z [useFirestoreSync] Failed to subscribe to active-notification-profile [FirebaseError: Expected first argument to doc() to be a CollectionReference, a DocumentReference or FirebaseFirestore] {
2026-06-29T04:35:21.8440637Z   code: [32m'invalid-argument'[39m,
2026-06-29T04:35:21.8440868Z   customData: [90mundefined[39m,
2026-06-29T04:35:21.8441114Z   toString: [36m[Function (anonymous)][39m
2026-06-29T04:35:21.8441238Z }
2026-06-29T04:35:21.8442397Z [useFirestoreSync] Failed to subscribe to custom-sounds [FirebaseError: Expected first argument to collection() to be a CollectionReference, a DocumentReference or FirebaseFirestore] {
2026-06-29T04:35:21.8442627Z   code: [32m'invalid-argument'[39m,
2026-06-29T04:35:21.8442837Z   customData: [90mundefined[39m,
2026-06-29T04:35:21.8443093Z   toString: [36m[Function (anonymous)][39m
2026-06-29T04:35:21.8443225Z }
2026-06-29T04:35:21.8444378Z [useFirestoreSync] Failed to subscribe to saved-filters [FirebaseError: Expected first argument to collection() to be a CollectionReference, a DocumentReference or FirebaseFirestore] {
2026-06-29T04:35:21.8444608Z   code: [32m'invalid-argument'[39m,
2026-06-29T04:35:21.8444836Z   customData: [90mundefined[39m,
2026-06-29T04:35:21.8445098Z   toString: [36m[Function (anonymous)][39m
2026-06-29T04:35:21.8445199Z }
2026-06-29T04:35:21.8446421Z [useFirestoreSync] Failed to subscribe to nlp-shortcuts [FirebaseError: Expected first argument to collection() to be a CollectionReference, a DocumentReference or FirebaseFirestore] {
2026-06-29T04:35:21.8446644Z   code: [32m'invalid-argument'[39m,
2026-06-29T04:35:21.8446838Z   customData: [90mundefined[39m,
2026-06-29T04:35:21.8447066Z   toString: [36m[Function (anonymous)][39m
2026-06-29T04:35:21.8447159Z }
2026-06-29T04:35:21.8448252Z [useFirestoreSync] Failed to subscribe to habit-templates [FirebaseError: Expected first argument to collection() to be a CollectionReference, a DocumentReference or FirebaseFirestore] {
2026-06-29T04:35:21.8448475Z   code: [32m'invalid-argument'[39m,
2026-06-29T04:35:21.8448666Z   customData: [90mundefined[39m,
2026-06-29T04:35:21.8448895Z   toString: [36m[Function (anonymous)][39m
2026-06-29T04:35:21.8448998Z }
2026-06-29T04:35:21.8450102Z [useFirestoreSync] Failed to subscribe to project-templates [FirebaseError: Expected first argument to collection() to be a CollectionReference, a DocumentReference or FirebaseFirestore] {
2026-06-29T04:35:21.8450313Z   code: [32m'invalid-argument'[39m,
2026-06-29T04:35:21.8450502Z   customData: [90mundefined[39m,
2026-06-29T04:35:21.8450728Z   toString: [36m[Function (anonymous)][39m
2026-06-29T04:35:21.8450829Z }
2026-06-29T04:35:21.8451878Z [useFirestoreSync] Failed to subscribe to task-timings [FirebaseError: Expected first argument to collection() to be a CollectionReference, a DocumentReference or FirebaseFirestore] {
2026-06-29T04:35:21.8452089Z   code: [32m'invalid-argument'[39m,
2026-06-29T04:35:21.8452289Z   customData: [90mundefined[39m,
2026-06-29T04:35:21.8452510Z   toString: [36m[Function (anonymous)][39m
2026-06-29T04:35:21.8452612Z }
2026-06-29T04:35:21.8453669Z [useFirestoreSync] Failed to subscribe to milestones [FirebaseError: Expected first argument to collection() to be a CollectionReference, a DocumentReference or FirebaseFirestore] {
2026-06-29T04:35:21.8453872Z   code: [32m'invalid-argument'[39m,
2026-06-29T04:35:21.8454071Z   customData: [90mundefined[39m,
2026-06-29T04:35:21.8454292Z   toString: [36m[Function (anonymous)][39m
2026-06-29T04:35:21.8454394Z }
2026-06-29T04:35:21.8455513Z [useFirestoreSync] Failed to subscribe to medication-slots-ext [FirebaseError: Expected first argument to collection() to be a CollectionReference, a DocumentReference or FirebaseFirestore] {
2026-06-29T04:35:21.8455906Z   code: [32m'invalid-argument'[39m,
2026-06-29T04:35:21.8456109Z   customData: [90mundefined[39m,
2026-06-29T04:35:21.8456510Z   toString: [36m[Function (anonymous)][39m
2026-06-29T04:35:21.8456607Z }
2026-06-29T04:35:21.8457736Z [useFirestoreSync] Failed to subscribe to medication-slot-overrides [FirebaseError: Expected first argument to collection() to be a CollectionReference, a DocumentReference or FirebaseFirestore] {
2026-06-29T04:35:21.8458141Z   code: [32m'invalid-argument'[39m,
2026-06-29T04:35:21.8458360Z   customData: [90mundefined[39m,
2026-06-29T04:35:21.8458600Z   toString: [36m[Function (anonymous)][39m
2026-06-29T04:35:21.8458697Z }
2026-06-29T04:35:21.8459800Z [useFirestoreSync] Failed to subscribe to medication-tier-states [FirebaseError: Expected first argument to collection() to be a CollectionReference, a DocumentReference or FirebaseFirestore] {
2026-06-29T04:35:21.8460035Z   code: [32m'invalid-argument'[39m,
2026-06-29T04:35:21.8460234Z   customData: [90mundefined[39m,
2026-06-29T04:35:21.8460471Z   toString: [36m[Function (anonymous)][39m
2026-06-29T04:35:21.8460581Z }
2026-06-29T04:35:21.8461630Z [useFirestoreSync] Failed to subscribe to medication-refills [FirebaseError: Expected first argument to collection() to be a CollectionReference, a DocumentReference or FirebaseFirestore] {
2026-06-29T04:35:21.8461865Z   code: [32m'invalid-argument'[39m,
2026-06-29T04:35:21.8462071Z   customData: [90mundefined[39m,
2026-06-29T04:35:21.8462299Z   toString: [36m[Function (anonymous)][39m
2026-06-29T04:35:21.8462404Z }
2026-06-29T04:35:21.8463543Z [useFirestoreSync] Failed to subscribe to daily-essential-slot-completions [FirebaseError: Expected first argument to collection() to be a CollectionReference, a DocumentReference or FirebaseFirestore] {
2026-06-29T04:35:21.8463784Z   code: [32m'invalid-argument'[39m,
2026-06-29T04:35:21.8463997Z   customData: [90mundefined[39m,
2026-06-29T04:35:21.8464223Z   toString: [36m[Function (anonymous)][39m
2026-06-29T04:35:21.8464328Z }
2026-06-29T04:35:21.8465335Z [useFirestoreSync] Failed to subscribe to sort-preferences [FirebaseError: Expected first argument to doc() to be a CollectionReference, a DocumentReference or FirebaseFirestore] {
2026-06-29T04:35:21.8465566Z   code: [32m'invalid-argument'[39m,
2026-06-29T04:35:21.8472296Z   customData: [90mundefined[39m,
2026-06-29T04:35:21.8472583Z   toString: [36m[Function (anonymous)][39m
2026-06-29T04:35:21.8472698Z }
2026-06-29T04:35:21.8472720Z 
2026-06-29T04:35:21.8473867Z [90mstderr[2m | src/hooks/__tests__/useFirestoreSync.test.tsx[2m > [22m[2museFirestoreSync[2m > [22m[2ma remote anchors snapshot updates the anchor store
2026-06-29T04:35:21.8475157Z [22m[39m[medicationSlots] slot-defs backfill failed [FirebaseError: Expected first argument to collection() to be a CollectionReference, a DocumentReference or FirebaseFirestore] {
2026-06-29T04:35:21.8475426Z   code: [32m'invalid-argument'[39m,
2026-06-29T04:35:21.8475795Z   customData: [90mundefined[39m,
2026-06-29T04:35:21.8476055Z   toString: [36m[Function (anonymous)][39m
2026-06-29T04:35:21.8476181Z }
2026-06-29T04:35:21.8477316Z [useFirestoreSync] Failed to subscribe to task-completions [FirebaseError: Expected first argument to collection() to be a CollectionReference, a DocumentReference or FirebaseFirestore] {
2026-06-29T04:35:21.8477587Z   code: [32m'invalid-argument'[39m,
2026-06-29T04:35:21.8477827Z   customData: [90mundefined[39m,
2026-06-29T04:35:21.8478101Z   toString: [36m[Function (anonymous)][39m
2026-06-29T04:35:21.8478202Z }
2026-06-29T04:35:21.8479356Z [useFirestoreSync] Failed to subscribe to dormancy-threshold [FirebaseError: Expected first argument to doc() to be a CollectionReference, a DocumentReference or FirebaseFirestore] {
2026-06-29T04:35:21.8479587Z   code: [32m'invalid-argument'[39m,
2026-06-29T04:35:21.8479819Z   customData: [90mundefined[39m,
2026-06-29T04:35:21.8480075Z   toString: [36m[Function (anonymous)][39m
2026-06-29T04:35:21.8480174Z }
2026-06-29T04:35:21.8481307Z [useFirestoreSync] Failed to subscribe to courses [FirebaseError: Expected first argument to collection() to be a CollectionReference, a DocumentReference or FirebaseFirestore] {
2026-06-29T04:35:21.8481759Z   code: [32m'invalid-argument'[39m,
2026-06-29T04:35:21.8481977Z   customData: [90mundefined[39m,
2026-06-29T04:35:21.8482244Z   toString: [36m[Function (anonymous)][39m
2026-06-29T04:35:21.8482343Z }
2026-06-29T04:35:21.8483737Z [useFirestoreSync] Failed to subscribe to theme-preferences [FirebaseError: Expected first argument to doc() to be a CollectionReference, a DocumentReference or FirebaseFirestore] {
2026-06-29T04:35:21.8484017Z   code: [32m'invalid-argument'[39m,
2026-06-29T04:35:21.8484223Z   customData: [90mundefined[39m,
2026-06-29T04:35:21.8484459Z   toString: [36m[Function (anonymous)][39m
2026-06-29T04:35:21.8484563Z }
2026-06-29T04:35:21.8485716Z [useFirestoreSync] Failed to subscribe to nd-preferences [FirebaseError: Expected first argument to doc() to be a CollectionReference, a DocumentReference or FirebaseFirestore] {
2026-06-29T04:35:21.8485931Z   code: [32m'invalid-argument'[39m,
2026-06-29T04:35:21.8486131Z   customData: [90mundefined[39m,
2026-06-29T04:35:21.8486374Z   toString: [36m[Function (anonymous)][39m
2026-06-29T04:35:21.8486482Z }
2026-06-29T04:35:21.8487549Z [useFirestoreSync] Failed to subscribe to a11y-preferences [FirebaseError: Expected first argument to doc() to be a CollectionReference, a DocumentReference or FirebaseFirestore] {
2026-06-29T04:35:21.8487761Z   code: [32m'invalid-argument'[39m,
2026-06-29T04:35:21.8487959Z   customData: [90mundefined[39m,
2026-06-29T04:35:21.8488178Z   toString: [36m[Function (anonymous)][39m
2026-06-29T04:35:21.8488281Z }
2026-06-29T04:35:21.8489352Z [useFirestoreSync] Failed to subscribe to self-care-logs [FirebaseError: Expected first argument to collection() to be a CollectionReference, a DocumentReference or FirebaseFirestore] {
2026-06-29T04:35:21.8489554Z   code: [32m'invalid-argument'[39m,
2026-06-29T04:35:21.8489754Z   customData: [90mundefined[39m,
2026-06-29T04:35:21.8489986Z   toString: [36m[Function (anonymous)][39m
2026-06-29T04:35:21.8490078Z }
2026-06-29T04:35:21.8491156Z [useFirestoreSync] Failed to subscribe to self-care-steps [FirebaseError: Expected first argument to collection() to be a CollectionReference, a DocumentReference or FirebaseFirestore] {
2026-06-29T04:35:21.8491358Z   code: [32m'invalid-argument'[39m,
2026-06-29T04:35:21.8491557Z   customData: [90mundefined[39m,
2026-06-29T04:35:21.8491783Z   toString: [36m[Function (anonymous)][39m
2026-06-29T04:35:21.8491877Z }
2026-06-29T04:35:21.8492951Z [useFirestoreSync] Failed to subscribe to dashboard-preferences [FirebaseError: Expected first argument to doc() to be a CollectionReference, a DocumentReference or FirebaseFirestore] {
2026-06-29T04:35:21.8493159Z   code: [32m'invalid-argument'[39m,
2026-06-29T04:35:21.8493348Z   customData: [90mundefined[39m,
2026-06-29T04:35:21.8493575Z   toString: [36m[Function (anonymous)][39m
2026-06-29T04:35:21.8493669Z }
2026-06-29T04:35:21.8494702Z [useFirestoreSync] Failed to subscribe to advanced-tuning [FirebaseError: Expected first argument to doc() to be a CollectionReference, a DocumentReference or FirebaseFirestore] {
2026-06-29T04:35:21.8494911Z   code: [32m'invalid-argument'[39m,
2026-06-29T04:35:21.8495102Z   customData: [90mundefined[39m,
2026-06-29T04:35:21.8495328Z   toString: [36m[Function (anonymous)][39m
2026-06-29T04:35:21.8495437Z }
2026-06-29T04:35:21.8496668Z [useFirestoreSync] Failed to subscribe to rest-days [FirebaseError: Expected first argument to collection() to be a CollectionReference, a DocumentReference or FirebaseFirestore] {
2026-06-29T04:35:21.8496886Z   code: [32m'invalid-argument'[39m,
2026-06-29T04:35:21.8497086Z   customData: [90mundefined[39m,
2026-06-29T04:35:21.8497307Z   toString: [36m[Function (anonymous)][39m
2026-06-29T04:35:21.8497409Z }
2026-06-29T04:35:21.8498531Z [useFirestoreSync] Failed to subscribe to notification-profiles [FirebaseError: Expected first argument to collection() to be a CollectionReference, a DocumentReference or FirebaseFirestore] {
2026-06-29T04:35:21.8498879Z   code: [32m'invalid-argument'[39m,
2026-06-29T04:35:21.8499081Z   customData: [90mundefined[39m,
2026-06-29T04:35:21.8499304Z   toString: [36m[Function (anonymous)][39m
2026-06-29T04:35:21.8499409Z }
2026-06-29T04:35:21.8500638Z [useFirestoreSync] Failed to subscribe to active-notification-profile [FirebaseError: Expected first argument to doc() to be a CollectionReference, a DocumentReference or FirebaseFirestore] {
2026-06-29T04:35:21.8500836Z   code: [32m'invalid-argument'[39m,
2026-06-29T04:35:21.8501035Z   customData: [90mundefined[39m,
2026-06-29T04:35:21.8501262Z   toString: [36m[Function (anonymous)][39m
2026-06-29T04:35:21.8501356Z }
2026-06-29T04:35:21.8502425Z [useFirestoreSync] Failed to subscribe to custom-sounds [FirebaseError: Expected first argument to collection() to be a CollectionReference, a DocumentReference or FirebaseFirestore] {
2026-06-29T04:35:21.8502629Z   code: [32m'invalid-argument'[39m,
2026-06-29T04:35:21.8502837Z   customData: [90mundefined[39m,
2026-06-29T04:35:21.8503072Z   toString: [36m[Function (anonymous)][39m
2026-06-29T04:35:21.8503166Z }
2026-06-29T04:35:21.8504238Z [useFirestoreSync] Failed to subscribe to saved-filters [FirebaseError: Expected first argument to collection() to be a CollectionReference, a DocumentReference or FirebaseFirestore] {
2026-06-29T04:35:21.8504454Z   code: [32m'invalid-argument'[39m,
2026-06-29T04:35:21.8504648Z   customData: [90mundefined[39m,
2026-06-29T04:35:21.8504874Z   toString: [36m[Function (anonymous)][39m
2026-06-29T04:35:21.8504969Z }
2026-06-29T04:35:21.8506084Z [useFirestoreSync] Failed to subscribe to nlp-shortcuts [FirebaseError: Expected first argument to collection() to be a CollectionReference, a DocumentReference or FirebaseFirestore] {
2026-06-29T04:35:21.8506309Z   code: [32m'invalid-argument'[39m,
2026-06-29T04:35:21.8506498Z   customData: [90mundefined[39m,
2026-06-29T04:35:21.8506726Z   toString: [36m[Function (anonymous)][39m
2026-06-29T04:35:21.8506837Z }
2026-06-29T04:35:21.8507891Z [useFirestoreSync] Failed to subscribe to habit-templates [FirebaseError: Expected first argument to collection() to be a CollectionReference, a DocumentReference or FirebaseFirestore] {
2026-06-29T04:35:21.8508142Z   code: [32m'invalid-argument'[39m,
2026-06-29T04:35:21.8508352Z   customData: [90mundefined[39m,
2026-06-29T04:35:21.8508587Z   toString: [36m[Function (anonymous)][39m
2026-06-29T04:35:21.8508693Z }
2026-06-29T04:35:21.8509734Z [useFirestoreSync] Failed to subscribe to project-templates [FirebaseError: Expected first argument to collection() to be a CollectionReference, a DocumentReference or FirebaseFirestore] {
2026-06-29T04:35:21.8509975Z   code: [32m'invalid-argument'[39m,
2026-06-29T04:35:21.8510184Z   customData: [90mundefined[39m,
2026-06-29T04:35:21.8510410Z   toString: [36m[Function (anonymous)][39m
2026-06-29T04:35:21.8510519Z }
2026-06-29T04:35:21.8511533Z [useFirestoreSync] Failed to subscribe to task-timings [FirebaseError: Expected first argument to collection() to be a CollectionReference, a DocumentReference or FirebaseFirestore] {
2026-06-29T04:35:21.8511769Z   code: [32m'invalid-argument'[39m,
2026-06-29T04:35:21.8511974Z   customData: [90mundefined[39m,
2026-06-29T04:35:21.8512210Z   toString: [36m[Function (anonymous)][39m
2026-06-29T04:35:21.8512305Z }
2026-06-29T04:35:21.8513330Z [useFirestoreSync] Failed to subscribe to milestones [FirebaseError: Expected first argument to collection() to be a CollectionReference, a DocumentReference or FirebaseFirestore] {
2026-06-29T04:35:21.8513552Z   code: [32m'invalid-argument'[39m,
2026-06-29T04:35:21.8513755Z   customData: [90mundefined[39m,
2026-06-29T04:35:21.8513986Z   toString: [36m[Function (anonymous)][39m
2026-06-29T04:35:21.8514082Z }
2026-06-29T04:35:21.8515160Z [useFirestoreSync] Failed to subscribe to medication-slots-ext [FirebaseError: Expected first argument to collection() to be a CollectionReference, a DocumentReference or FirebaseFirestore] {
2026-06-29T04:35:21.8515773Z   code: [32m'invalid-argument'[39m,
2026-06-29T04:35:21.8515977Z   customData: [90mundefined[39m,
2026-06-29T04:35:21.8516204Z   toString: [36m[Function (anonymous)][39m
2026-06-29T04:35:21.8516313Z }
2026-06-29T04:35:21.8517620Z [useFirestoreSync] Failed to subscribe to medication-slot-overrides [FirebaseError: Expected first argument to collection() to be a CollectionReference, a DocumentReference or FirebaseFirestore] {
2026-06-29T04:35:21.8517877Z   code: [32m'invalid-argument'[39m,
2026-06-29T04:35:21.8518076Z   customData: [90mundefined[39m,
2026-06-29T04:35:21.8518307Z   toString: [36m[Function (anonymous)][39m
2026-06-29T04:35:21.8518411Z }
2026-06-29T04:35:21.8519452Z [useFirestoreSync] Failed to subscribe to medication-tier-states [FirebaseError: Expected first argument to collection() to be a CollectionReference, a DocumentReference or FirebaseFirestore] {
2026-06-29T04:35:21.8519687Z   code: [32m'invalid-argument'[39m,
2026-06-29T04:35:21.8519898Z   customData: [90mundefined[39m,
2026-06-29T04:35:21.8520120Z   toString: [36m[Function (anonymous)][39m
2026-06-29T04:35:21.8520222Z }
2026-06-29T04:35:21.8521272Z [useFirestoreSync] Failed to subscribe to medication-refills [FirebaseError: Expected first argument to collection() to be a CollectionReference, a DocumentReference or FirebaseFirestore] {
2026-06-29T04:35:21.8521503Z   code: [32m'invalid-argument'[39m,
2026-06-29T04:35:21.8521710Z   customData: [90mundefined[39m,
2026-06-29T04:35:21.8521931Z   toString: [36m[Function (anonymous)][39m
2026-06-29T04:35:21.8522035Z }
2026-06-29T04:35:21.8523085Z [useFirestoreSync] Failed to subscribe to daily-essential-slot-completions [FirebaseError: Expected first argument to collection() to be a CollectionReference, a DocumentReference or FirebaseFirestore] {
2026-06-29T04:35:21.8523297Z   code: [32m'invalid-argument'[39m,
2026-06-29T04:35:21.8523487Z   customData: [90mundefined[39m,
2026-06-29T04:35:21.8523713Z   toString: [36m[Function (anonymous)][39m
2026-06-29T04:35:21.8523815Z }
2026-06-29T04:35:21.8524807Z [useFirestoreSync] Failed to subscribe to sort-preferences [FirebaseError: Expected first argument to doc() to be a CollectionReference, a DocumentReference or FirebaseFirestore] {
2026-06-29T04:35:21.8525007Z   code: [32m'invalid-argument'[39m,
2026-06-29T04:35:21.8525205Z   customData: [90mundefined[39m,
2026-06-29T04:35:21.8525436Z   toString: [36m[Function (anonymous)][39m
2026-06-29T04:35:21.8525529Z }
2026-06-29T04:35:21.8525538Z 
2026-06-29T04:35:21.8526895Z [90mstderr[2m | src/hooks/__tests__/useFirestoreSync.test.tsx[2m > [22m[2museFirestoreSync[2m > [22m[2ma remote boundary-rules snapshot updates the boundary-rules store
2026-06-29T04:35:21.8528111Z [22m[39m[medicationSlots] slot-defs backfill failed [FirebaseError: Expected first argument to collection() to be a CollectionReference, a DocumentReference or FirebaseFirestore] {
2026-06-29T04:35:21.8528318Z   code: [32m'invalid-argument'[39m,
2026-06-29T04:35:21.8528532Z   customData: [90mundefined[39m,
2026-06-29T04:35:21.8528769Z   toString: [36m[Function (anonymous)][39m
2026-06-29T04:35:21.8528866Z }
2026-06-29T04:35:21.8529956Z [useFirestoreSync] Failed to subscribe to task-completions [FirebaseError: Expected first argument to collection() to be a CollectionReference, a DocumentReference or FirebaseFirestore] {
2026-06-29T04:35:21.8530168Z   code: [32m'invalid-argument'[39m,
2026-06-29T04:35:21.8530359Z   customData: [90mundefined[39m,
2026-06-29T04:35:21.8530591Z   toString: [36m[Function (anonymous)][39m
2026-06-29T04:35:21.8530683Z }
2026-06-29T04:35:21.8531719Z [useFirestoreSync] Failed to subscribe to dormancy-threshold [FirebaseError: Expected first argument to doc() to be a CollectionReference, a DocumentReference or FirebaseFirestore] {
2026-06-29T04:35:21.8531932Z   code: [32m'invalid-argument'[39m,
2026-06-29T04:35:21.8532124Z   customData: [90mundefined[39m,
2026-06-29T04:35:21.8532358Z   toString: [36m[Function (anonymous)][39m
2026-06-29T04:35:21.8532642Z }
2026-06-29T04:35:21.8533659Z [useFirestoreSync] Failed to subscribe to courses [FirebaseError: Expected first argument to collection() to be a CollectionReference, a DocumentReference or FirebaseFirestore] {
2026-06-29T04:35:21.8533874Z   code: [32m'invalid-argument'[39m,
2026-06-29T04:35:21.8534071Z   customData: [90mundefined[39m,
2026-06-29T04:35:21.8534406Z   toString: [36m[Function (anonymous)][39m
2026-06-29T04:35:21.8534512Z }
2026-06-29T04:35:21.8535521Z [useFirestoreSync] Failed to subscribe to theme-preferences [FirebaseError: Expected first argument to doc() to be a CollectionReference, a DocumentReference or FirebaseFirestore] {
2026-06-29T04:35:21.8535879Z   code: [32m'invalid-argument'[39m,
2026-06-29T04:35:21.8536076Z   customData: [90mundefined[39m,
2026-06-29T04:35:21.8536292Z   toString: [36m[Function (anonymous)][39m
2026-06-29T04:35:21.8536394Z }
2026-06-29T04:35:21.8537415Z [useFirestoreSync] Failed to subscribe to nd-preferences [FirebaseError: Expected first argument to doc() to be a CollectionReference, a DocumentReference or FirebaseFirestore] {
2026-06-29T04:35:21.8537620Z   code: [32m'invalid-argument'[39m,
2026-06-29T04:35:21.8537817Z   customData: [90mundefined[39m,
2026-06-29T04:35:21.8538038Z   toString: [36m[Function (anonymous)][39m
2026-06-29T04:35:21.8538140Z }
2026-06-29T04:35:21.8539173Z [useFirestoreSync] Failed to subscribe to a11y-preferences [FirebaseError: Expected first argument to doc() to be a CollectionReference, a DocumentReference or FirebaseFirestore] {
2026-06-29T04:35:21.8539373Z   code: [32m'invalid-argument'[39m,
2026-06-29T04:35:21.8539570Z   customData: [90mundefined[39m,
2026-06-29T04:35:21.8539795Z   toString: [36m[Function (anonymous)][39m
2026-06-29T04:35:21.8539890Z }
2026-06-29T04:35:21.8540957Z [useFirestoreSync] Failed to subscribe to self-care-logs [FirebaseError: Expected first argument to collection() to be a CollectionReference, a DocumentReference or FirebaseFirestore] {
2026-06-29T04:35:21.8541171Z   code: [32m'invalid-argument'[39m,
2026-06-29T04:35:21.8541359Z   customData: [90mundefined[39m,
2026-06-29T04:35:21.8541588Z   toString: [36m[Function (anonymous)][39m
2026-06-29T04:35:21.8541683Z }
2026-06-29T04:35:21.8542764Z [useFirestoreSync] Failed to subscribe to self-care-steps [FirebaseError: Expected first argument to collection() to be a CollectionReference, a DocumentReference or FirebaseFirestore] {
2026-06-29T04:35:21.8542973Z   code: [32m'invalid-argument'[39m,
2026-06-29T04:35:21.8543166Z   customData: [90mundefined[39m,
2026-06-29T04:35:21.8543393Z   toString: [36m[Function (anonymous)][39m
2026-06-29T04:35:21.8543495Z }
2026-06-29T04:35:21.8544562Z [useFirestoreSync] Failed to subscribe to dashboard-preferences [FirebaseError: Expected first argument to doc() to be a CollectionReference, a DocumentReference or FirebaseFirestore] {
2026-06-29T04:35:21.8544775Z   code: [32m'invalid-argument'[39m,
2026-06-29T04:35:21.8544973Z   customData: [90mundefined[39m,
2026-06-29T04:35:21.8545194Z   toString: [36m[Function (anonymous)][39m
2026-06-29T04:35:21.8545296Z }
2026-06-29T04:35:21.8546429Z [useFirestoreSync] Failed to subscribe to advanced-tuning [FirebaseError: Expected first argument to doc() to be a CollectionReference, a DocumentReference or FirebaseFirestore] {
2026-06-29T04:35:21.8546640Z   code: [32m'invalid-argument'[39m,
2026-06-29T04:35:21.8546841Z   customData: [90mundefined[39m,
2026-06-29T04:35:21.8547056Z   toString: [36m[Function (anonymous)][39m
2026-06-29T04:35:21.8547158Z }
2026-06-29T04:35:21.8548185Z [useFirestoreSync] Failed to subscribe to rest-days [FirebaseError: Expected first argument to collection() to be a CollectionReference, a DocumentReference or FirebaseFirestore] {
2026-06-29T04:35:21.8548383Z   code: [32m'invalid-argument'[39m,
2026-06-29T04:35:21.8548583Z   customData: [90mundefined[39m,
2026-06-29T04:35:21.8548804Z   toString: [36m[Function (anonymous)][39m
2026-06-29T04:35:21.8548907Z }
2026-06-29T04:35:21.8550036Z [useFirestoreSync] Failed to subscribe to notification-profiles [FirebaseError: Expected first argument to collection() to be a CollectionReference, a DocumentReference or FirebaseFirestore] {
2026-06-29T04:35:21.8550421Z   code: [32m'invalid-argument'[39m,
2026-06-29T04:35:21.8550623Z   customData: [90mundefined[39m,
2026-06-29T04:35:21.8550853Z   toString: [36m[Function (anonymous)][39m
2026-06-29T04:35:21.8551060Z }
2026-06-29T04:35:21.8552195Z [useFirestoreSync] Failed to subscribe to active-notification-profile [FirebaseError: Expected first argument to doc() to be a CollectionReference, a DocumentReference or FirebaseFirestore] {
2026-06-29T04:35:21.8552403Z   code: [32m'invalid-argument'[39m,
2026-06-29T04:35:21.8552591Z   customData: [90mundefined[39m,
2026-06-29T04:35:21.8552816Z   toString: [36m[Function (anonymous)][39m
2026-06-29T04:35:21.8552911Z }
2026-06-29T04:35:21.8553974Z [useFirestoreSync] Failed to subscribe to custom-sounds [FirebaseError: Expected first argument to collection() to be a CollectionReference, a DocumentReference or FirebaseFirestore] {
2026-06-29T04:35:21.8554187Z   code: [32m'invalid-argument'[39m,
2026-06-29T04:35:21.8554380Z   customData: [90mundefined[39m,
2026-06-29T04:35:21.8554607Z   toString: [36m[Function (anonymous)][39m
2026-06-29T04:35:21.8554709Z }
2026-06-29T04:35:21.8556021Z [useFirestoreSync] Failed to subscribe to saved-filters [FirebaseError: Expected first argument to collection() to be a CollectionReference, a DocumentReference or FirebaseFirestore] {
2026-06-29T04:35:21.8556235Z   code: [32m'invalid-argument'[39m,
2026-06-29T04:35:21.8556433Z   customData: [90mundefined[39m,
2026-06-29T04:35:21.8556649Z   toString: [36m[Function (anonymous)][39m
2026-06-29T04:35:21.8556748Z }
2026-06-29T04:35:21.8557799Z [useFirestoreSync] Failed to subscribe to nlp-shortcuts [FirebaseError: Expected first argument to collection() to be a CollectionReference, a DocumentReference or FirebaseFirestore] {
2026-06-29T04:35:21.8558012Z   code: [32m'invalid-argument'[39m,
2026-06-29T04:35:21.8558214Z   customData: [90mundefined[39m,
2026-06-29T04:35:21.8558432Z   toString: [36m[Function (anonymous)][39m
2026-06-29T04:35:21.8558532Z }
2026-06-29T04:35:21.8559604Z [useFirestoreSync] Failed to subscribe to habit-templates [FirebaseError: Expected first argument to collection() to be a CollectionReference, a DocumentReference or FirebaseFirestore] {
2026-06-29T04:35:21.8559810Z   code: [32m'invalid-argument'[39m,
2026-06-29T04:35:21.8560005Z   customData: [90mundefined[39m,
2026-06-29T04:35:21.8560226Z   toString: [36m[Function (anonymous)][39m
2026-06-29T04:35:21.8560328Z }
2026-06-29T04:35:21.8561415Z [useFirestoreSync] Failed to subscribe to project-templates [FirebaseError: Expected first argument to collection() to be a CollectionReference, a DocumentReference or FirebaseFirestore] {
2026-06-29T04:35:21.8561612Z   code: [32m'invalid-argument'[39m,
2026-06-29T04:35:21.8561810Z   customData: [90mundefined[39m,
2026-06-29T04:35:21.8562046Z   toString: [36m[Function (anonymous)][39m
2026-06-29T04:35:21.8562145Z }
2026-06-29T04:35:21.8563198Z [useFirestoreSync] Failed to subscribe to task-timings [FirebaseError: Expected first argument to collection() to be a CollectionReference, a DocumentReference or FirebaseFirestore] {
2026-06-29T04:35:21.8563403Z   code: [32m'invalid-argument'[39m,
2026-06-29T04:35:21.8563596Z   customData: [90mundefined[39m,
2026-06-29T04:35:21.8563826Z   toString: [36m[Function (anonymous)][39m
2026-06-29T04:35:21.8563920Z }
2026-06-29T04:35:21.8564959Z [useFirestoreSync] Failed to subscribe to milestones [FirebaseError: Expected first argument to collection() to be a CollectionReference, a DocumentReference or FirebaseFirestore] {
2026-06-29T04:35:21.8565166Z   code: [32m'invalid-argument'[39m,
2026-06-29T04:35:21.8565355Z   customData: [90mundefined[39m,
2026-06-29T04:35:21.8565842Z   toString: [36m[Function (anonymous)][39m
2026-06-29T04:35:21.8565945Z }
2026-06-29T04:35:21.8566986Z [useFirestoreSync] Failed to subscribe to medication-slots-ext [FirebaseError: Expected first argument to collection() to be a CollectionReference, a DocumentReference or FirebaseFirestore] {
2026-06-29T04:35:21.8567321Z   code: [32m'invalid-argument'[39m,
2026-06-29T04:35:21.8567498Z   customData: [90mundefined[39m,
2026-06-29T04:35:21.8567695Z   toString: [36m[Function (anonymous)][39m
2026-06-29T04:35:21.8567786Z }
2026-06-29T04:35:21.8568899Z [useFirestoreSync] Failed to subscribe to medication-slot-overrides [FirebaseError: Expected first argument to collection() to be a CollectionReference, a DocumentReference or FirebaseFirestore] {
2026-06-29T04:35:21.8569095Z   code: [32m'invalid-argument'[39m,
2026-06-29T04:35:21.8569288Z   customData: [90mundefined[39m,
2026-06-29T04:35:21.8569501Z   toString: [36m[Function (anonymous)][39m
2026-06-29T04:35:21.8569601Z }
2026-06-29T04:35:21.8570589Z [useFirestoreSync] Failed to subscribe to medication-tier-states [FirebaseError: Expected first argument to collection() to be a CollectionReference, a DocumentReference or FirebaseFirestore] {
2026-06-29T04:35:21.8570767Z   code: [32m'invalid-argument'[39m,
2026-06-29T04:35:21.8570938Z   customData: [90mundefined[39m,
2026-06-29T04:35:21.8571155Z   toString: [36m[Function (anonymous)][39m
2026-06-29T04:35:21.8571247Z }
2026-06-29T04:35:21.8572256Z [useFirestoreSync] Failed to subscribe to medication-refills [FirebaseError: Expected first argument to collection() to be a CollectionReference, a DocumentReference or FirebaseFirestore] {
2026-06-29T04:35:21.8572468Z   code: [32m'invalid-argument'[39m,
2026-06-29T04:35:21.8572669Z   customData: [90mundefined[39m,
2026-06-29T04:35:21.8572948Z   toString: [36m[Function (anonymous)][39m
2026-06-29T04:35:21.8573043Z }
2026-06-29T04:35:21.8574205Z [useFirestoreSync] Failed to subscribe to daily-essential-slot-completions [FirebaseError: Expected first argument to collection() to be a CollectionReference, a DocumentReference or FirebaseFirestore] {
2026-06-29T04:35:21.8574432Z   code: [32m'invalid-argument'[39m,
2026-06-29T04:35:21.8574632Z   customData: [90mundefined[39m,
2026-06-29T04:35:21.8574867Z   toString: [36m[Function (anonymous)][39m
2026-06-29T04:35:21.8574964Z }
2026-06-29T04:35:21.8576141Z [useFirestoreSync] Failed to subscribe to sort-preferences [FirebaseError: Expected first argument to doc() to be a CollectionReference, a DocumentReference or FirebaseFirestore] {
2026-06-29T04:35:21.8576371Z   code: [32m'invalid-argument'[39m,
2026-06-29T04:35:21.8576563Z   customData: [90mundefined[39m,
2026-06-29T04:35:21.8576798Z   toString: [36m[Function (anonymous)][39m
2026-06-29T04:35:21.8576899Z }
2026-06-29T04:35:21.8576909Z 
2026-06-29T04:35:21.8577982Z [90mstderr[2m | src/hooks/__tests__/useFirestoreSync.test.tsx[2m > [22m[2museFirestoreSync[2m > [22m[2ma remote task-templates snapshot updates the template store
2026-06-29T04:35:21.8579157Z [22m[39m[medicationSlots] slot-defs backfill failed [FirebaseError: Expected first argument to collection() to be a CollectionReference, a DocumentReference or FirebaseFirestore] {
2026-06-29T04:35:21.8579380Z   code: [32m'invalid-argument'[39m,
2026-06-29T04:35:21.8579577Z   customData: [90mundefined[39m,
2026-06-29T04:35:21.8579808Z   toString: [36m[Function (anonymous)][39m
2026-06-29T04:35:21.8579907Z }
2026-06-29T04:35:21.8580999Z [useFirestoreSync] Failed to subscribe to task-completions [FirebaseError: Expected first argument to collection() to be a CollectionReference, a DocumentReference or FirebaseFirestore] {
2026-06-29T04:35:21.8581211Z   code: [32m'invalid-argument'[39m,
2026-06-29T04:35:21.8581405Z   customData: [90mundefined[39m,
2026-06-29T04:35:21.8581630Z   toString: [36m[Function (anonymous)][39m
2026-06-29T04:35:21.8581730Z }
2026-06-29T04:35:21.8582777Z [useFirestoreSync] Failed to subscribe to dormancy-threshold [FirebaseError: Expected first argument to doc() to be a CollectionReference, a DocumentReference or FirebaseFirestore] {
2026-06-29T04:35:21.8582985Z   code: [32m'invalid-argument'[39m,
2026-06-29T04:35:21.8583350Z   customData: [90mundefined[39m,
2026-06-29T04:35:21.8583569Z   toString: [36m[Function (anonymous)][39m
2026-06-29T04:35:21.8583670Z }
2026-06-29T04:35:21.8584695Z [useFirestoreSync] Failed to subscribe to courses [FirebaseError: Expected first argument to collection() to be a CollectionReference, a DocumentReference or FirebaseFirestore] {
2026-06-29T04:35:21.8585002Z   code: [32m'invalid-argument'[39m,
2026-06-29T04:35:21.8585211Z   customData: [90mundefined[39m,
2026-06-29T04:35:21.8585431Z   toString: [36m[Function (anonymous)][39m
2026-06-29T04:35:21.8585531Z }
2026-06-29T04:35:21.8586760Z [useFirestoreSync] Failed to subscribe to theme-preferences [FirebaseError: Expected first argument to doc() to be a CollectionReference, a DocumentReference or FirebaseFirestore] {
2026-06-29T04:35:21.8586968Z   code: [32m'invalid-argument'[39m,
2026-06-29T04:35:21.8587169Z   customData: [90mundefined[39m,
2026-06-29T04:35:21.8587446Z   toString: [36m[Function (anonymous)][39m
2026-06-29T04:35:21.8587590Z }
2026-06-29T04:35:21.8588688Z [useFirestoreSync] Failed to subscribe to nd-preferences [FirebaseError: Expected first argument to doc() to be a CollectionReference, a DocumentReference or FirebaseFirestore] {
2026-06-29T04:35:21.8589033Z   code: [32m'invalid-argument'[39m,
2026-06-29T04:35:21.8603857Z   customData: [90mundefined[39m,
2026-06-29T04:35:21.8604194Z   toString: [36m[Function (anonymous)][39m
2026-06-29T04:35:21.8604304Z }
2026-06-29T04:35:21.8605383Z [useFirestoreSync] Failed to subscribe to a11y-preferences [FirebaseError: Expected first argument to doc() to be a CollectionReference, a DocumentReference or FirebaseFirestore] {
2026-06-29T04:35:21.8605776Z   code: [32m'invalid-argument'[39m,
2026-06-29T04:35:21.8605991Z   customData: [90mundefined[39m,
2026-06-29T04:35:21.8606224Z   toString: [36m[Function (anonymous)][39m
2026-06-29T04:35:21.8606332Z }
2026-06-29T04:35:21.8607423Z [useFirestoreSync] Failed to subscribe to self-care-logs [FirebaseError: Expected first argument to collection() to be a CollectionReference, a DocumentReference or FirebaseFirestore] {
2026-06-29T04:35:21.8607632Z   code: [32m'invalid-argument'[39m,
2026-06-29T04:35:21.8607840Z   customData: [90mundefined[39m,
2026-06-29T04:35:21.8608074Z   toString: [36m[Function (anonymous)][39m
2026-06-29T04:35:21.8608169Z }
2026-06-29T04:35:21.8609278Z [useFirestoreSync] Failed to subscribe to self-care-steps [FirebaseError: Expected first argument to collection() to be a CollectionReference, a DocumentReference or FirebaseFirestore] {
2026-06-29T04:35:21.8609483Z   code: [32m'invalid-argument'[39m,
2026-06-29T04:35:21.8609684Z   customData: [90mundefined[39m,
2026-06-29T04:35:21.8609915Z   toString: [36m[Function (anonymous)][39m
2026-06-29T04:35:21.8610008Z }
2026-06-29T04:35:21.8611096Z [useFirestoreSync] Failed to subscribe to dashboard-preferences [FirebaseError: Expected first argument to doc() to be a CollectionReference, a DocumentReference or FirebaseFirestore] {
2026-06-29T04:35:21.8611309Z   code: [32m'invalid-argument'[39m,
2026-06-29T04:35:21.8611498Z   customData: [90mundefined[39m,
2026-06-29T04:35:21.8611727Z   toString: [36m[Function (anonymous)][39m
2026-06-29T04:35:21.8611821Z }
2026-06-29T04:35:21.8612861Z [useFirestoreSync] Failed to subscribe to advanced-tuning [FirebaseError: Expected first argument to doc() to be a CollectionReference, a DocumentReference or FirebaseFirestore] {
2026-06-29T04:35:21.8613072Z   code: [32m'invalid-argument'[39m,
2026-06-29T04:35:21.8613261Z   customData: [90mundefined[39m,
2026-06-29T04:35:21.8613491Z   toString: [36m[Function (anonymous)][39m
2026-06-29T04:35:21.8613592Z }
2026-06-29T04:35:21.8614618Z [useFirestoreSync] Failed to subscribe to rest-days [FirebaseError: Expected first argument to collection() to be a CollectionReference, a DocumentReference or FirebaseFirestore] {
2026-06-29T04:35:21.8614829Z   code: [32m'invalid-argument'[39m,
2026-06-29T04:35:21.8615026Z   customData: [90mundefined[39m,
2026-06-29T04:35:21.8615423Z   toString: [36m[Function (anonymous)][39m
2026-06-29T04:35:21.8615527Z }
2026-06-29T04:35:21.8616848Z [useFirestoreSync] Failed to subscribe to notification-profiles [FirebaseError: Expected first argument to collection() to be a CollectionReference, a DocumentReference or FirebaseFirestore] {
2026-06-29T04:35:21.8617067Z   code: [32m'invalid-argument'[39m,
2026-06-29T04:35:21.8617380Z   customData: [90mundefined[39m,
2026-06-29T04:35:21.8617611Z   toString: [36m[Function (anonymous)][39m
2026-06-29T04:35:21.8617714Z }
2026-06-29T04:35:21.8618835Z [useFirestoreSync] Failed to subscribe to active-notification-profile [FirebaseError: Expected first argument to doc() to be a CollectionReference, a DocumentReference or FirebaseFirestore] {
2026-06-29T04:35:21.8619047Z   code: [32m'invalid-argument'[39m,
2026-06-29T04:35:21.8619244Z   customData: [90mundefined[39m,
2026-06-29T04:35:21.8619461Z   toString: [36m[Function (anonymous)][39m
2026-06-29T04:35:21.8619564Z }
2026-06-29T04:35:21.8620639Z [useFirestoreSync] Failed to subscribe to custom-sounds [FirebaseError: Expected first argument to collection() to be a CollectionReference, a DocumentReference or FirebaseFirestore] {
2026-06-29T04:35:21.8620841Z   code: [32m'invalid-argument'[39m,
2026-06-29T04:35:21.8621036Z   customData: [90mundefined[39m,
2026-06-29T04:35:21.8621256Z   toString: [36m[Function (anonymous)][39m
2026-06-29T04:35:21.8621360Z }
2026-06-29T04:35:21.8622419Z [useFirestoreSync] Failed to subscribe to saved-filters [FirebaseError: Expected first argument to collection() to be a CollectionReference, a DocumentReference or FirebaseFirestore] {
2026-06-29T04:35:21.8622621Z   code: [32m'invalid-argument'[39m,
2026-06-29T04:35:21.8622821Z   customData: [90mundefined[39m,
2026-06-29T04:35:21.8623047Z   toString: [36m[Function (anonymous)][39m
2026-06-29T04:35:21.8623140Z }
2026-06-29T04:35:21.8624193Z [useFirestoreSync] Failed to subscribe to nlp-shortcuts [FirebaseError: Expected first argument to collection() to be a CollectionReference, a DocumentReference or FirebaseFirestore] {
2026-06-29T04:35:21.8624407Z   code: [32m'invalid-argument'[39m,
2026-06-29T04:35:21.8624596Z   customData: [90mundefined[39m,
2026-06-29T04:35:21.8624822Z   toString: [36m[Function (anonymous)][39m
2026-06-29T04:35:21.8624912Z }
2026-06-29T04:35:21.8626103Z [useFirestoreSync] Failed to subscribe to habit-templates [FirebaseError: Expected first argument to collection() to be a CollectionReference, a DocumentReference or FirebaseFirestore] {
2026-06-29T04:35:21.8626315Z   code: [32m'invalid-argument'[39m,
2026-06-29T04:35:21.8626505Z   customData: [90mundefined[39m,
2026-06-29T04:35:21.8626733Z   toString: [36m[Function (anonymous)][39m
2026-06-29T04:35:21.8626834Z }
2026-06-29T04:35:21.8627926Z [useFirestoreSync] Failed to subscribe to project-templates [FirebaseError: Expected first argument to collection() to be a CollectionReference, a DocumentReference or FirebaseFirestore] {
2026-06-29T04:35:21.8628139Z   code: [32m'invalid-argument'[39m,
2026-06-29T04:35:21.8628335Z   customData: [90mundefined[39m,
2026-06-29T04:35:21.8628563Z   toString: [36m[Function (anonymous)][39m
2026-06-29T04:35:21.8628662Z }
2026-06-29T04:35:21.8629704Z [useFirestoreSync] Failed to subscribe to task-timings [FirebaseError: Expected first argument to collection() to be a CollectionReference, a DocumentReference or FirebaseFirestore] {
2026-06-29T04:35:21.8629911Z   code: [32m'invalid-argument'[39m,
2026-06-29T04:35:21.8630106Z   customData: [90mundefined[39m,
2026-06-29T04:35:21.8630326Z   toString: [36m[Function (anonymous)][39m
2026-06-29T04:35:21.8630429Z }
2026-06-29T04:35:21.8631464Z [useFirestoreSync] Failed to subscribe to milestones [FirebaseError: Expected first argument to collection() to be a CollectionReference, a DocumentReference or FirebaseFirestore] {
2026-06-29T04:35:21.8631662Z   code: [32m'invalid-argument'[39m,
2026-06-29T04:35:21.8631858Z   customData: [90mundefined[39m,
2026-06-29T04:35:21.8632075Z   toString: [36m[Function (anonymous)][39m
2026-06-29T04:35:21.8632309Z }
2026-06-29T04:35:21.8633440Z [useFirestoreSync] Failed to subscribe to medication-slots-ext [FirebaseError: Expected first argument to collection() to be a CollectionReference, a DocumentReference or FirebaseFirestore] {
2026-06-29T04:35:21.8633649Z   code: [32m'invalid-argument'[39m,
2026-06-29T04:35:21.8633959Z   customData: [90mundefined[39m,
2026-06-29T04:35:21.8634192Z   toString: [36m[Function (anonymous)][39m
2026-06-29T04:35:21.8634284Z }
2026-06-29T04:35:21.8635439Z [useFirestoreSync] Failed to subscribe to medication-slot-overrides [FirebaseError: Expected first argument to collection() to be a CollectionReference, a DocumentReference or FirebaseFirestore] {
2026-06-29T04:35:21.8635740Z   code: [32m'invalid-argument'[39m,
2026-06-29T04:35:21.8635908Z   customData: [90mundefined[39m,
2026-06-29T04:35:21.8636106Z   toString: [36m[Function (anonymous)][39m
2026-06-29T04:35:21.8636191Z }
2026-06-29T04:35:21.8637260Z [useFirestoreSync] Failed to subscribe to medication-tier-states [FirebaseError: Expected first argument to collection() to be a CollectionReference, a DocumentReference or FirebaseFirestore] {
2026-06-29T04:35:21.8637476Z   code: [32m'invalid-argument'[39m,
2026-06-29T04:35:21.8637658Z   customData: [90mundefined[39m,
2026-06-29T04:35:21.8637876Z   toString: [36m[Function (anonymous)][39m
2026-06-29T04:35:21.8637979Z }
2026-06-29T04:35:21.8638974Z [useFirestoreSync] Failed to subscribe to medication-refills [FirebaseError: Expected first argument to collection() to be a CollectionReference, a DocumentReference or FirebaseFirestore] {
2026-06-29T04:35:21.8639214Z   code: [32m'invalid-argument'[39m,
2026-06-29T04:35:21.8639405Z   customData: [90mundefined[39m,
2026-06-29T04:35:21.8639639Z   toString: [36m[Function (anonymous)][39m
2026-06-29T04:35:21.8639745Z }
2026-06-29T04:35:21.8640890Z [useFirestoreSync] Failed to subscribe to daily-essential-slot-completions [FirebaseError: Expected first argument to collection() to be a CollectionReference, a DocumentReference or FirebaseFirestore] {
2026-06-29T04:35:21.8641121Z   code: [32m'invalid-argument'[39m,
2026-06-29T04:35:21.8641323Z   customData: [90mundefined[39m,
2026-06-29T04:35:21.8641547Z   toString: [36m[Function (anonymous)][39m
2026-06-29T04:35:21.8641649Z }
2026-06-29T04:35:21.8642676Z [useFirestoreSync] Failed to subscribe to sort-preferences [FirebaseError: Expected first argument to doc() to be a CollectionReference, a DocumentReference or FirebaseFirestore] {
2026-06-29T04:35:21.8642881Z   code: [32m'invalid-argument'[39m,
2026-06-29T04:35:21.8643083Z   customData: [90mundefined[39m,
2026-06-29T04:35:21.8643310Z   toString: [36m[Function (anonymous)][39m
2026-06-29T04:35:21.8643412Z }
2026-06-29T04:35:21.8643423Z 
2026-06-29T04:35:21.8644482Z [90mstderr[2m | src/hooks/__tests__/useFirestoreSync.test.tsx[2m > [22m[2museFirestoreSync[2m > [22m[2ma remote mood-energy-logs snapshot updates the mood store
2026-06-29T04:35:21.8645936Z [22m[39m[medicationSlots] slot-defs backfill failed [FirebaseError: Expected first argument to collection() to be a CollectionReference, a DocumentReference or FirebaseFirestore] {
2026-06-29T04:35:21.8646168Z   code: [32m'invalid-argument'[39m,
2026-06-29T04:35:21.8646376Z   customData: [90mundefined[39m,
2026-06-29T04:35:21.8646605Z   toString: [36m[Function (anonymous)][39m
2026-06-29T04:35:21.8646714Z }
2026-06-29T04:35:21.8647798Z [useFirestoreSync] Failed to subscribe to task-completions [FirebaseError: Expected first argument to collection() to be a CollectionReference, a DocumentReference or FirebaseFirestore] {
2026-06-29T04:35:21.8648005Z   code: [32m'invalid-argument'[39m,
2026-06-29T04:35:21.8648213Z   customData: [90mundefined[39m,
2026-06-29T04:35:21.8648446Z   toString: [36m[Function (anonymous)][39m
2026-06-29T04:35:21.8648538Z }
2026-06-29T04:35:21.8649584Z [useFirestoreSync] Failed to subscribe to dormancy-threshold [FirebaseError: Expected first argument to doc() to be a CollectionReference, a DocumentReference or FirebaseFirestore] {
2026-06-29T04:35:21.8650039Z   code: [32m'invalid-argument'[39m,
2026-06-29T04:35:21.8650251Z   customData: [90mundefined[39m,
2026-06-29T04:35:21.8650483Z   toString: [36m[Function (anonymous)][39m
2026-06-29T04:35:21.8650578Z }
2026-06-29T04:35:21.8651708Z [useFirestoreSync] Failed to subscribe to courses [FirebaseError: Expected first argument to collection() to be a CollectionReference, a DocumentReference or FirebaseFirestore] {
2026-06-29T04:35:21.8651920Z   code: [32m'invalid-argument'[39m,
2026-06-29T04:35:21.8652115Z   customData: [90mundefined[39m,
2026-06-29T04:35:21.8652352Z   toString: [36m[Function (anonymous)][39m
2026-06-29T04:35:21.8652448Z }
2026-06-29T04:35:21.8653490Z [useFirestoreSync] Failed to subscribe to theme-preferences [FirebaseError: Expected first argument to doc() to be a CollectionReference, a DocumentReference or FirebaseFirestore] {
2026-06-29T04:35:21.8653702Z   code: [32m'invalid-argument'[39m,
2026-06-29T04:35:21.8653903Z   customData: [90mundefined[39m,
2026-06-29T04:35:21.8654140Z   toString: [36m[Function (anonymous)][39m
2026-06-29T04:35:21.8654242Z }
2026-06-29T04:35:21.8655251Z [useFirestoreSync] Failed to subscribe to nd-preferences [FirebaseError: Expected first argument to doc() to be a CollectionReference, a DocumentReference or FirebaseFirestore] {
2026-06-29T04:35:21.8655468Z   code: [32m'invalid-argument'[39m,
2026-06-29T04:35:21.8655797Z   customData: [90mundefined[39m,
2026-06-29T04:35:21.8656019Z   toString: [36m[Function (anonymous)][39m
2026-06-29T04:35:21.8656122Z }
2026-06-29T04:35:21.8657148Z [useFirestoreSync] Failed to subscribe to a11y-preferences [FirebaseError: Expected first argument to doc() to be a CollectionReference, a DocumentReference or FirebaseFirestore] {
2026-06-29T04:35:21.8657360Z   code: [32m'invalid-argument'[39m,
2026-06-29T04:35:21.8657556Z   customData: [90mundefined[39m,
2026-06-29T04:35:21.8657775Z   toString: [36m[Function (anonymous)][39m
2026-06-29T04:35:21.8657885Z }
2026-06-29T04:35:21.8658956Z [useFirestoreSync] Failed to subscribe to self-care-logs [FirebaseError: Expected first argument to collection() to be a CollectionReference, a DocumentReference or FirebaseFirestore] {
2026-06-29T04:35:21.8659160Z   code: [32m'invalid-argument'[39m,
2026-06-29T04:35:21.8659357Z   customData: [90mundefined[39m,
2026-06-29T04:35:21.8659589Z   toString: [36m[Function (anonymous)][39m
2026-06-29T04:35:21.8659682Z }
2026-06-29T04:35:21.8660763Z [useFirestoreSync] Failed to subscribe to self-care-steps [FirebaseError: Expected first argument to collection() to be a CollectionReference, a DocumentReference or FirebaseFirestore] {
2026-06-29T04:35:21.8660965Z   code: [32m'invalid-argument'[39m,
2026-06-29T04:35:21.8661164Z   customData: [90mundefined[39m,
2026-06-29T04:35:21.8661393Z   toString: [36m[Function (anonymous)][39m
2026-06-29T04:35:21.8661488Z }
2026-06-29T04:35:21.8662561Z [useFirestoreSync] Failed to subscribe to dashboard-preferences [FirebaseError: Expected first argument to doc() to be a CollectionReference, a DocumentReference or FirebaseFirestore] {
2026-06-29T04:35:21.8662772Z   code: [32m'invalid-argument'[39m,
2026-06-29T04:35:21.8662960Z   customData: [90mundefined[39m,
2026-06-29T04:35:21.8663184Z   toString: [36m[Function (anonymous)][39m
2026-06-29T04:35:21.8663275Z }
2026-06-29T04:35:21.8664309Z [useFirestoreSync] Failed to subscribe to advanced-tuning [FirebaseError: Expected first argument to doc() to be a CollectionReference, a DocumentReference or FirebaseFirestore] {
2026-06-29T04:35:21.8664521Z   code: [32m'invalid-argument'[39m,
2026-06-29T04:35:21.8664708Z   customData: [90mundefined[39m,
2026-06-29T04:35:21.8664937Z   toString: [36m[Function (anonymous)][39m
2026-06-29T04:35:21.8665037Z }
2026-06-29T04:35:21.8666182Z [useFirestoreSync] Failed to subscribe to rest-days [FirebaseError: Expected first argument to collection() to be a CollectionReference, a DocumentReference or FirebaseFirestore] {
2026-06-29T04:35:21.8666529Z   code: [32m'invalid-argument'[39m,
2026-06-29T04:35:21.8666728Z   customData: [90mundefined[39m,
2026-06-29T04:35:21.8666949Z   toString: [36m[Function (anonymous)][39m
2026-06-29T04:35:21.8667057Z }
2026-06-29T04:35:21.8668294Z [useFirestoreSync] Failed to subscribe to notification-profiles [FirebaseError: Expected first argument to collection() to be a CollectionReference, a DocumentReference or FirebaseFirestore] {
2026-06-29T04:35:21.8668508Z   code: [32m'invalid-argument'[39m,
2026-06-29T04:35:21.8668710Z   customData: [90mundefined[39m,
2026-06-29T04:35:21.8668934Z   toString: [36m[Function (anonymous)][39m
2026-06-29T04:35:21.8669038Z }
2026-06-29T04:35:21.8670165Z [useFirestoreSync] Failed to subscribe to active-notification-profile [FirebaseError: Expected first argument to doc() to be a CollectionReference, a DocumentReference or FirebaseFirestore] {
2026-06-29T04:35:21.8670370Z   code: [32m'invalid-argument'[39m,
2026-06-29T04:35:21.8670572Z   customData: [90mundefined[39m,
2026-06-29T04:35:21.8670800Z   toString: [36m[Function (anonymous)][39m
2026-06-29T04:35:21.8670896Z }
2026-06-29T04:35:21.8671962Z [useFirestoreSync] Failed to subscribe to custom-sounds [FirebaseError: Expected first argument to collection() to be a CollectionReference, a DocumentReference or FirebaseFirestore] {
2026-06-29T04:35:21.8672164Z   code: [32m'invalid-argument'[39m,
2026-06-29T04:35:21.8672367Z   customData: [90mundefined[39m,
2026-06-29T04:35:21.8672590Z   toString: [36m[Function (anonymous)][39m
2026-06-29T04:35:21.8672682Z }
2026-06-29T04:35:21.8673803Z [useFirestoreSync] Failed to subscribe to saved-filters [FirebaseError: Expected first argument to collection() to be a CollectionReference, a DocumentReference or FirebaseFirestore] {
2026-06-29T04:35:21.8674015Z   code: [32m'invalid-argument'[39m,
2026-06-29T04:35:21.8674204Z   customData: [90mundefined[39m,
2026-06-29T04:35:21.8674431Z   toString: [36m[Function (anonymous)][39m
2026-06-29T04:35:21.8674523Z }
2026-06-29T04:35:21.8675791Z [useFirestoreSync] Failed to subscribe to nlp-shortcuts [FirebaseError: Expected first argument to collection() to be a CollectionReference, a DocumentReference or FirebaseFirestore] {
2026-06-29T04:35:21.8676002Z   code: [32m'invalid-argument'[39m,
2026-06-29T04:35:21.8676189Z   customData: [90mundefined[39m,
2026-06-29T04:35:21.8676424Z   toString: [36m[Function (anonymous)][39m
2026-06-29T04:35:21.8676525Z }
2026-06-29T04:35:21.8677599Z [useFirestoreSync] Failed to subscribe to habit-templates [FirebaseError: Expected first argument to collection() to be a CollectionReference, a DocumentReference or FirebaseFirestore] {
2026-06-29T04:35:21.8677811Z   code: [32m'invalid-argument'[39m,
2026-06-29T04:35:21.8678006Z   customData: [90mundefined[39m,
2026-06-29T04:35:21.8678225Z   toString: [36m[Function (anonymous)][39m
2026-06-29T04:35:21.8678326Z }
2026-06-29T04:35:21.8679376Z [useFirestoreSync] Failed to subscribe to project-templates [FirebaseError: Expected first argument to collection() to be a CollectionReference, a DocumentReference or FirebaseFirestore] {
2026-06-29T04:35:21.8679595Z   code: [32m'invalid-argument'[39m,
2026-06-29T04:35:21.8679796Z   customData: [90mundefined[39m,
2026-06-29T04:35:21.8680018Z   toString: [36m[Function (anonymous)][39m
2026-06-29T04:35:21.8680123Z }
2026-06-29T04:35:21.8681178Z [useFirestoreSync] Failed to subscribe to task-timings [FirebaseError: Expected first argument to collection() to be a CollectionReference, a DocumentReference or FirebaseFirestore] {
2026-06-29T04:35:21.8681382Z   code: [32m'invalid-argument'[39m,
2026-06-29T04:35:21.8681588Z   customData: [90mundefined[39m,
2026-06-29T04:35:21.8681822Z   toString: [36m[Function (anonymous)][39m
2026-06-29T04:35:21.8681917Z }
2026-06-29T04:35:21.8682976Z [useFirestoreSync] Failed to subscribe to milestones [FirebaseError: Expected first argument to collection() to be a CollectionReference, a DocumentReference or FirebaseFirestore] {
2026-06-29T04:35:21.8683188Z   code: [32m'invalid-argument'[39m,
2026-06-29T04:35:21.8683551Z   customData: [90mundefined[39m,
2026-06-29T04:35:21.8683784Z   toString: [36m[Function (anonymous)][39m
2026-06-29T04:35:21.8683878Z }
2026-06-29T04:35:21.8684946Z [useFirestoreSync] Failed to subscribe to medication-slots-ext [FirebaseError: Expected first argument to collection() to be a CollectionReference, a DocumentReference or FirebaseFirestore] {
2026-06-29T04:35:21.8685134Z   code: [32m'invalid-argument'[39m,
2026-06-29T04:35:21.8685296Z   customData: [90mundefined[39m,
2026-06-29T04:35:21.8685488Z   toString: [36m[Function (anonymous)][39m
2026-06-29T04:35:21.8685570Z }
2026-06-29T04:35:21.8686855Z [useFirestoreSync] Failed to subscribe to medication-slot-overrides [FirebaseError: Expected first argument to collection() to be a CollectionReference, a DocumentReference or FirebaseFirestore] {
2026-06-29T04:35:21.8687063Z   code: [32m'invalid-argument'[39m,
2026-06-29T04:35:21.8687248Z   customData: [90mundefined[39m,
2026-06-29T04:35:21.8687478Z   toString: [36m[Function (anonymous)][39m
2026-06-29T04:35:21.8687575Z }
2026-06-29T04:35:21.8688668Z [useFirestoreSync] Failed to subscribe to medication-tier-states [FirebaseError: Expected first argument to collection() to be a CollectionReference, a DocumentReference or FirebaseFirestore] {
2026-06-29T04:35:21.8688880Z   code: [32m'invalid-argument'[39m,
2026-06-29T04:35:21.8689079Z   customData: [90mundefined[39m,
2026-06-29T04:35:21.8689292Z   toString: [36m[Function (anonymous)][39m
2026-06-29T04:35:21.8689393Z }
2026-06-29T04:35:21.8690438Z [useFirestoreSync] Failed to subscribe to medication-refills [FirebaseError: Expected first argument to collection() to be a CollectionReference, a DocumentReference or FirebaseFirestore] {
2026-06-29T04:35:21.8690645Z   code: [32m'invalid-argument'[39m,
2026-06-29T04:35:21.8690841Z   customData: [90mundefined[39m,
2026-06-29T04:35:21.8691055Z   toString: [36m[Function (anonymous)][39m
2026-06-29T04:35:21.8691156Z }
2026-06-29T04:35:21.8692247Z [useFirestoreSync] Failed to subscribe to daily-essential-slot-completions [FirebaseError: Expected first argument to collection() to be a CollectionReference, a DocumentReference or FirebaseFirestore] {
2026-06-29T04:35:21.8692461Z   code: [32m'invalid-argument'[39m,
2026-06-29T04:35:21.8692658Z   customData: [90mundefined[39m,
2026-06-29T04:35:21.8692892Z   toString: [36m[Function (anonymous)][39m
2026-06-29T04:35:21.8692988Z }
2026-06-29T04:35:21.8693998Z [useFirestoreSync] Failed to subscribe to sort-preferences [FirebaseError: Expected first argument to doc() to be a CollectionReference, a DocumentReference or FirebaseFirestore] {
2026-06-29T04:35:21.8694212Z   code: [32m'invalid-argument'[39m,
2026-06-29T04:35:21.8694417Z   customData: [90mundefined[39m,
2026-06-29T04:35:21.8694649Z   toString: [36m[Function (anonymous)][39m
2026-06-29T04:35:21.8694746Z }
2026-06-29T04:35:21.8694756Z 
2026-06-29T04:35:21.8696000Z [90mstderr[2m | src/hooks/__tests__/useFirestoreSync.test.tsx[2m > [22m[2museFirestoreSync[2m > [22m[2ma remote check-in-logs snapshot updates the check-in store
2026-06-29T04:35:21.8697205Z [22m[39m[medicationSlots] slot-defs backfill failed [FirebaseError: Expected first argument to collection() to be a CollectionReference, a DocumentReference or FirebaseFirestore] {
2026-06-29T04:35:21.8697414Z   code: [32m'invalid-argument'[39m,
2026-06-29T04:35:21.8697624Z   customData: [90mundefined[39m,
2026-06-29T04:35:21.8697857Z   toString: [36m[Function (anonymous)][39m
2026-06-29T04:35:21.8697951Z }
2026-06-29T04:35:21.8699037Z [useFirestoreSync] Failed to subscribe to task-completions [FirebaseError: Expected first argument to collection() to be a CollectionReference, a DocumentReference or FirebaseFirestore] {
2026-06-29T04:35:21.8699254Z   code: [32m'invalid-argument'[39m,
2026-06-29T04:35:21.8699447Z   customData: [90mundefined[39m,
2026-06-29T04:35:21.8699680Z   toString: [36m[Function (anonymous)][39m
2026-06-29T04:35:21.8699776Z }
2026-06-29T04:35:21.8700932Z [useFirestoreSync] Failed to subscribe to dormancy-threshold [FirebaseError: Expected first argument to doc() to be a CollectionReference, a DocumentReference or FirebaseFirestore] {
2026-06-29T04:35:21.8701118Z   code: [32m'invalid-argument'[39m,
2026-06-29T04:35:21.8701294Z   customData: [90mundefined[39m,
2026-06-29T04:35:21.8701521Z   toString: [36m[Function (anonymous)][39m
2026-06-29T04:35:21.8701777Z }
2026-06-29T04:35:21.8702737Z [useFirestoreSync] Failed to subscribe to courses [FirebaseError: Expected first argument to collection() to be a CollectionReference, a DocumentReference or FirebaseFirestore] {
2026-06-29T04:35:21.8702950Z   code: [32m'invalid-argument'[39m,
2026-06-29T04:35:21.8703136Z   customData: [90mundefined[39m,
2026-06-29T04:35:21.8703350Z   toString: [36m[Function (anonymous)][39m
2026-06-29T04:35:21.8703450Z }
2026-06-29T04:35:21.8704427Z [useFirestoreSync] Failed to subscribe to theme-preferences [FirebaseError: Expected first argument to doc() to be a CollectionReference, a DocumentReference or FirebaseFirestore] {
2026-06-29T04:35:21.8704672Z   code: [32m'invalid-argument'[39m,
2026-06-29T04:35:21.8704875Z   customData: [90mundefined[39m,
2026-06-29T04:35:21.8705094Z   toString: [36m[Function (anonymous)][39m
2026-06-29T04:35:21.8705199Z }
2026-06-29T04:35:21.8706470Z [useFirestoreSync] Failed to subscribe to nd-preferences [FirebaseError: Expected first argument to doc() to be a CollectionReference, a DocumentReference or FirebaseFirestore] {
2026-06-29T04:35:21.8706680Z   code: [32m'invalid-argument'[39m,
2026-06-29T04:35:21.8706876Z   customData: [90mundefined[39m,
2026-06-29T04:35:21.8707097Z   toString: [36m[Function (anonymous)][39m
2026-06-29T04:35:21.8707204Z }
2026-06-29T04:35:21.8708293Z [useFirestoreSync] Failed to subscribe to a11y-preferences [FirebaseError: Expected first argument to doc() to be a CollectionReference, a DocumentReference or FirebaseFirestore] {
2026-06-29T04:35:21.8708530Z   code: [32m'invalid-argument'[39m,
2026-06-29T04:35:21.8708735Z   customData: [90mundefined[39m,
2026-06-29T04:35:21.8708966Z   toString: [36m[Function (anonymous)][39m
2026-06-29T04:35:21.8709062Z }
2026-06-29T04:35:21.8710125Z [useFirestoreSync] Failed to subscribe to self-care-logs [FirebaseError: Expected first argument to collection() to be a CollectionReference, a DocumentReference or FirebaseFirestore] {
2026-06-29T04:35:21.8710335Z   code: [32m'invalid-argument'[39m,
2026-06-29T04:35:21.8710527Z   customData: [90mundefined[39m,
2026-06-29T04:35:21.8710756Z   toString: [36m[Function (anonymous)][39m
2026-06-29T04:35:21.8710857Z }
2026-06-29T04:35:21.8711918Z [useFirestoreSync] Failed to subscribe to self-care-steps [FirebaseError: Expected first argument to collection() to be a CollectionReference, a DocumentReference or FirebaseFirestore] {
2026-06-29T04:35:21.8712129Z   code: [32m'invalid-argument'[39m,
2026-06-29T04:35:21.8712322Z   customData: [90mundefined[39m,
2026-06-29T04:35:21.8712550Z   toString: [36m[Function (anonymous)][39m
2026-06-29T04:35:21.8712654Z }
2026-06-29T04:35:21.8713720Z [useFirestoreSync] Failed to subscribe to dashboard-preferences [FirebaseError: Expected first argument to doc() to be a CollectionReference, a DocumentReference or FirebaseFirestore] {
2026-06-29T04:35:21.8713928Z   code: [32m'invalid-argument'[39m,
2026-06-29T04:35:21.8714121Z   customData: [90mundefined[39m,
2026-06-29T04:35:21.8714342Z   toString: [36m[Function (anonymous)][39m
2026-06-29T04:35:21.8714441Z }
2026-06-29T04:35:21.8715475Z [useFirestoreSync] Failed to subscribe to advanced-tuning [FirebaseError: Expected first argument to doc() to be a CollectionReference, a DocumentReference or FirebaseFirestore] {
2026-06-29T04:35:21.8715789Z   code: [32m'invalid-argument'[39m,
2026-06-29T04:35:21.8715989Z   customData: [90mundefined[39m,
2026-06-29T04:35:21.8716210Z   toString: [36m[Function (anonymous)][39m
2026-06-29T04:35:21.8716315Z }
2026-06-29T04:35:21.8717355Z [useFirestoreSync] Failed to subscribe to rest-days [FirebaseError: Expected first argument to collection() to be a CollectionReference, a DocumentReference or FirebaseFirestore] {
2026-06-29T04:35:21.8717726Z   code: [32m'invalid-argument'[39m,
2026-06-29T04:35:21.8717922Z   customData: [90mundefined[39m,
2026-06-29T04:35:21.8718147Z   toString: [36m[Function (anonymous)][39m
2026-06-29T04:35:21.8718239Z }
2026-06-29T04:35:21.8719470Z [useFirestoreSync] Failed to subscribe to notification-profiles [FirebaseError: Expected first argument to collection() to be a CollectionReference, a DocumentReference or FirebaseFirestore] {
2026-06-29T04:35:21.8719680Z   code: [32m'invalid-argument'[39m,
2026-06-29T04:35:21.8719870Z   customData: [90mundefined[39m,
2026-06-29T04:35:21.8720098Z   toString: [36m[Function (anonymous)][39m
2026-06-29T04:35:21.8720190Z }
2026-06-29T04:35:21.8721316Z [useFirestoreSync] Failed to subscribe to active-notification-profile [FirebaseError: Expected first argument to doc() to be a CollectionReference, a DocumentReference or FirebaseFirestore] {
2026-06-29T04:35:21.8721533Z   code: [32m'invalid-argument'[39m,
2026-06-29T04:35:21.8721720Z   customData: [90mundefined[39m,
2026-06-29T04:35:21.8721947Z   toString: [36m[Function (anonymous)][39m
2026-06-29T04:35:21.8722046Z }
2026-06-29T04:35:21.8723105Z [useFirestoreSync] Failed to subscribe to custom-sounds [FirebaseError: Expected first argument to collection() to be a CollectionReference, a DocumentReference or FirebaseFirestore] {
2026-06-29T04:35:21.8723311Z   code: [32m'invalid-argument'[39m,
2026-06-29T04:35:21.8723501Z   customData: [90mundefined[39m,
2026-06-29T04:35:21.8723727Z   toString: [36m[Function (anonymous)][39m
2026-06-29T04:35:21.8723830Z }
2026-06-29T04:35:21.8724881Z [useFirestoreSync] Failed to subscribe to saved-filters [FirebaseError: Expected first argument to collection() to be a CollectionReference, a DocumentReference or FirebaseFirestore] {
2026-06-29T04:35:21.8725093Z   code: [32m'invalid-argument'[39m,
2026-06-29T04:35:21.8725287Z   customData: [90mundefined[39m,
2026-06-29T04:35:21.8725512Z   toString: [36m[Function (anonymous)][39m
2026-06-29T04:35:21.8725735Z }
2026-06-29T04:35:21.8726795Z [useFirestoreSync] Failed to subscribe to nlp-shortcuts [FirebaseError: Expected first argument to collection() to be a CollectionReference, a DocumentReference or FirebaseFirestore] {
2026-06-29T04:35:21.8727006Z   code: [32m'invalid-argument'[39m,
2026-06-29T04:35:21.8727203Z   customData: [90mundefined[39m,
2026-06-29T04:35:21.8727422Z   toString: [36m[Function (anonymous)][39m
2026-06-29T04:35:21.8727527Z }
2026-06-29T04:35:21.8728601Z [useFirestoreSync] Failed to subscribe to habit-templates [FirebaseError: Expected first argument to collection() to be a CollectionReference, a DocumentReference or FirebaseFirestore] {
2026-06-29T04:35:21.8728804Z   code: [32m'invalid-argument'[39m,
2026-06-29T04:35:21.8729002Z   customData: [90mundefined[39m,
2026-06-29T04:35:21.8729230Z   toString: [36m[Function (anonymous)][39m
2026-06-29T04:35:21.8729328Z }
2026-06-29T04:35:21.8730425Z [useFirestoreSync] Failed to subscribe to project-templates [FirebaseError: Expected first argument to collection() to be a CollectionReference, a DocumentReference or FirebaseFirestore] {
2026-06-29T04:35:21.8730637Z   code: [32m'invalid-argument'[39m,
2026-06-29T04:35:21.8730827Z   customData: [90mundefined[39m,
2026-06-29T04:35:21.8731059Z   toString: [36m[Function (anonymous)][39m
2026-06-29T04:35:21.8731154Z }
2026-06-29T04:35:21.8732205Z [useFirestoreSync] Failed to subscribe to task-timings [FirebaseError: Expected first argument to collection() to be a CollectionReference, a DocumentReference or FirebaseFirestore] {
2026-06-29T04:35:21.8732416Z   code: [32m'invalid-argument'[39m,
2026-06-29T04:35:21.8732603Z   customData: [90mundefined[39m,
2026-06-29T04:35:21.8732829Z   toString: [36m[Function (anonymous)][39m
2026-06-29T04:35:21.8732929Z }
2026-06-29T04:35:21.8733970Z [useFirestoreSync] Failed to subscribe to milestones [FirebaseError: Expected first argument to collection() to be a CollectionReference, a DocumentReference or FirebaseFirestore] {
2026-06-29T04:35:21.8734307Z   code: [32m'invalid-argument'[39m,
2026-06-29T04:35:21.8734495Z   customData: [90mundefined[39m,
2026-06-29T04:35:21.8734723Z   toString: [36m[Function (anonymous)][39m
2026-06-29T04:35:21.8734821Z }
2026-06-29T04:35:21.8736291Z [useFirestoreSync] Failed to subscribe to medication-slots-ext [FirebaseError: Expected first argument to collection() to be a CollectionReference, a DocumentReference or FirebaseFirestore] {
2026-06-29T04:35:21.8736524Z   code: [32m'invalid-argument'[39m,
2026-06-29T04:35:21.8736726Z   customData: [90mundefined[39m,
2026-06-29T04:35:21.8736948Z   toString: [36m[Function (anonymous)][39m
2026-06-29T04:35:21.8737048Z }
2026-06-29T04:35:21.8738180Z [useFirestoreSync] Failed to subscribe to medication-slot-overrides [FirebaseError: Expected first argument to collection() to be a CollectionReference, a DocumentReference or FirebaseFirestore] {
2026-06-29T04:35:21.8738389Z   code: [32m'invalid-argument'[39m,
2026-06-29T04:35:21.8738591Z   customData: [90mundefined[39m,
2026-06-29T04:35:21.8738817Z   toString: [36m[Function (anonymous)][39m
2026-06-29T04:35:21.8738922Z }
2026-06-29T04:35:21.8740035Z [useFirestoreSync] Failed to subscribe to medication-tier-states [FirebaseError: Expected first argument to collection() to be a CollectionReference, a DocumentReference or FirebaseFirestore] {
2026-06-29T04:35:21.8740237Z   code: [32m'invalid-argument'[39m,
2026-06-29T04:35:21.8740435Z   customData: [90mundefined[39m,
2026-06-29T04:35:21.8740658Z   toString: [36m[Function (anonymous)][39m
2026-06-29T04:35:21.8740754Z }
2026-06-29T04:35:21.8741829Z [useFirestoreSync] Failed to subscribe to medication-refills [FirebaseError: Expected first argument to collection() to be a CollectionReference, a DocumentReference or FirebaseFirestore] {
2026-06-29T04:35:21.8742041Z   code: [32m'invalid-argument'[39m,
2026-06-29T04:35:21.8742233Z   customData: [90mundefined[39m,
2026-06-29T04:35:21.8742464Z   toString: [36m[Function (anonymous)][39m
2026-06-29T04:35:21.8742558Z }
2026-06-29T04:35:21.8743755Z [useFirestoreSync] Failed to subscribe to daily-essential-slot-completions [FirebaseError: Expected first argument to collection() to be a CollectionReference, a DocumentReference or FirebaseFirestore] {
2026-06-29T04:35:21.8743968Z   code: [32m'invalid-argument'[39m,
2026-06-29T04:35:21.8744160Z   customData: [90mundefined[39m,
2026-06-29T04:35:21.8744394Z   toString: [36m[Function (anonymous)][39m
2026-06-29T04:35:21.8744498Z }
2026-06-29T04:35:21.8745505Z [useFirestoreSync] Failed to subscribe to sort-preferences [FirebaseError: Expected first argument to doc() to be a CollectionReference, a DocumentReference or FirebaseFirestore] {
2026-06-29T04:35:21.8745874Z   code: [32m'invalid-argument'[39m,
2026-06-29T04:35:21.8746071Z   customData: [90mundefined[39m,
2026-06-29T04:35:21.8746303Z   toString: [36m[Function (anonymous)][39m
2026-06-29T04:35:21.8746411Z }
2026-06-29T04:35:21.8746421Z 
2026-06-29T04:35:21.8747549Z [90mstderr[2m | src/hooks/__tests__/useFirestoreSync.test.tsx[2m > [22m[2museFirestoreSync[2m > [22m[2ma remote focus-release-logs snapshot updates the focus-release store
2026-06-29T04:35:21.8748721Z [22m[39m[medicationSlots] slot-defs backfill failed [FirebaseError: Expected first argument to collection() to be a CollectionReference, a DocumentReference or FirebaseFirestore] {
2026-06-29T04:35:21.8748938Z   code: [32m'invalid-argument'[39m,
2026-06-29T04:35:21.8749130Z   customData: [90mundefined[39m,
2026-06-29T04:35:21.8749357Z   toString: [36m[Function (anonymous)][39m
2026-06-29T04:35:21.8749461Z }
2026-06-29T04:35:21.8750525Z [useFirestoreSync] Failed to subscribe to task-completions [FirebaseError: Expected first argument to collection() to be a CollectionReference, a DocumentReference or FirebaseFirestore] {
2026-06-29T04:35:21.8750735Z   code: [32m'invalid-argument'[39m,
2026-06-29T04:35:21.8750936Z   customData: [90mundefined[39m,
2026-06-29T04:35:21.8751308Z   toString: [36m[Function (anonymous)][39m
2026-06-29T04:35:21.8751413Z }
2026-06-29T04:35:21.8752295Z [useFirestoreSync] Failed to subscribe to dormancy-threshold [FirebaseError: Expected first argument to doc() to be a CollectionReference, a DocumentReference or FirebaseFirestore] {
2026-06-29T04:35:21.8752474Z   code: [32m'invalid-argument'[39m,
2026-06-29T04:35:21.8752783Z   customData: [90mundefined[39m,
2026-06-29T04:35:21.8752981Z   toString: [36m[Function (anonymous)][39m
2026-06-29T04:35:21.8753084Z }
2026-06-29T04:35:21.8754059Z [useFirestoreSync] Failed to subscribe to courses [FirebaseError: Expected first argument to collection() to be a CollectionReference, a DocumentReference or FirebaseFirestore] {
2026-06-29T04:35:21.8754263Z   code: [32m'invalid-argument'[39m,
2026-06-29T04:35:21.8754458Z   customData: [90mundefined[39m,
2026-06-29T04:35:21.8754686Z   toString: [36m[Function (anonymous)][39m
2026-06-29T04:35:21.8754774Z }
2026-06-29T04:35:21.8755903Z [useFirestoreSync] Failed to subscribe to theme-preferences [FirebaseError: Expected first argument to doc() to be a CollectionReference, a DocumentReference or FirebaseFirestore] {
2026-06-29T04:35:21.8756112Z   code: [32m'invalid-argument'[39m,
2026-06-29T04:35:21.8756300Z   customData: [90mundefined[39m,
2026-06-29T04:35:21.8756529Z   toString: [36m[Function (anonymous)][39m
2026-06-29T04:35:21.8756628Z }
2026-06-29T04:35:21.8757606Z [useFirestoreSync] Failed to subscribe to nd-preferences [FirebaseError: Expected first argument to doc() to be a CollectionReference, a DocumentReference or FirebaseFirestore] {
2026-06-29T04:35:21.8757841Z   code: [32m'invalid-argument'[39m,
2026-06-29T04:35:21.8758054Z   customData: [90mundefined[39m,
2026-06-29T04:35:21.8758295Z   toString: [36m[Function (anonymous)][39m
2026-06-29T04:35:21.8758391Z }
2026-06-29T04:35:21.8759431Z [useFirestoreSync] Failed to subscribe to a11y-preferences [FirebaseError: Expected first argument to doc() to be a CollectionReference, a DocumentReference or FirebaseFirestore] {
2026-06-29T04:35:21.8759654Z   code: [32m'invalid-argument'[39m,
2026-06-29T04:35:21.8759849Z   customData: [90mundefined[39m,
2026-06-29T04:35:21.8760082Z   toString: [36m[Function (anonymous)][39m
2026-06-29T04:35:21.8760185Z }
2026-06-29T04:35:21.8761219Z [useFirestoreSync] Failed to subscribe to self-care-logs [FirebaseError: Expected first argument to collection() to be a CollectionReference, a DocumentReference or FirebaseFirestore] {
2026-06-29T04:35:21.8761406Z   code: [32m'invalid-argument'[39m,
2026-06-29T04:35:21.8761585Z   customData: [90mundefined[39m,
2026-06-29T04:35:21.8761805Z   toString: [36m[Function (anonymous)][39m
2026-06-29T04:35:21.8761904Z }
2026-06-29T04:35:21.8762914Z [useFirestoreSync] Failed to subscribe to self-care-steps [FirebaseError: Expected first argument to collection() to be a CollectionReference, a DocumentReference or FirebaseFirestore] {
2026-06-29T04:35:21.8763166Z   code: [32m'invalid-argument'[39m,
2026-06-29T04:35:21.8763384Z   customData: [90mundefined[39m,
2026-06-29T04:35:21.8763609Z   toString: [36m[Function (anonymous)][39m
2026-06-29T04:35:21.8763714Z }
2026-06-29T04:35:21.8764725Z [useFirestoreSync] Failed to subscribe to dashboard-preferences [FirebaseError: Expected first argument to doc() to be a CollectionReference, a DocumentReference or FirebaseFirestore] {
2026-06-29T04:35:21.8764929Z   code: [32m'invalid-argument'[39m,
2026-06-29T04:35:21.8765107Z   customData: [90mundefined[39m,
2026-06-29T04:35:21.8765316Z   toString: [36m[Function (anonymous)][39m
2026-06-29T04:35:21.8765398Z }
2026-06-29T04:35:21.8766667Z [useFirestoreSync] Failed to subscribe to advanced-tuning [FirebaseError: Expected first argument to doc() to be a CollectionReference, a DocumentReference or FirebaseFirestore] {
2026-06-29T04:35:21.8766875Z   code: [32m'invalid-argument'[39m,
2026-06-29T04:35:21.8767075Z   customData: [90mundefined[39m,
2026-06-29T04:35:21.8767301Z   toString: [36m[Function (anonymous)][39m
2026-06-29T04:35:21.8767564Z }
2026-06-29T04:35:21.8768596Z [useFirestoreSync] Failed to subscribe to rest-days [FirebaseError: Expected first argument to collection() to be a CollectionReference, a DocumentReference or FirebaseFirestore] {
2026-06-29T04:35:21.8768803Z   code: [32m'invalid-argument'[39m,
2026-06-29T04:35:21.8768995Z   customData: [90mundefined[39m,
2026-06-29T04:35:21.8769328Z   toString: [36m[Function (anonymous)][39m
2026-06-29T04:35:21.8769421Z }
2026-06-29T04:35:21.8770552Z [useFirestoreSync] Failed to subscribe to notification-profiles [FirebaseError: Expected first argument to collection() to be a CollectionReference, a DocumentReference or FirebaseFirestore] {
2026-06-29T04:35:21.8770767Z   code: [32m'invalid-argument'[39m,
2026-06-29T04:35:21.8770959Z   customData: [90mundefined[39m,
2026-06-29T04:35:21.8771190Z   toString: [36m[Function (anonymous)][39m
2026-06-29T04:35:21.8771290Z }
2026-06-29T04:35:21.8772404Z [useFirestoreSync] Failed to subscribe to active-notification-profile [FirebaseError: Expected first argument to doc() to be a CollectionReference, a DocumentReference or FirebaseFirestore] {
2026-06-29T04:35:21.8772622Z   code: [32m'invalid-argument'[39m,
2026-06-29T04:35:21.8772818Z   customData: [90mundefined[39m,
2026-06-29T04:35:21.8773083Z   toString: [36m[Function (anonymous)][39m
2026-06-29T04:35:21.8773186Z }
2026-06-29T04:35:21.8774246Z [useFirestoreSync] Failed to subscribe to custom-sounds [FirebaseError: Expected first argument to collection() to be a CollectionReference, a DocumentReference or FirebaseFirestore] {
2026-06-29T04:35:21.8774458Z   code: [32m'invalid-argument'[39m,
2026-06-29T04:35:21.8774658Z   customData: [90mundefined[39m,
2026-06-29T04:35:21.8774877Z   toString: [36m[Function (anonymous)][39m
2026-06-29T04:35:21.8774981Z }
2026-06-29T04:35:21.8776198Z [useFirestoreSync] Failed to subscribe to saved-filters [FirebaseError: Expected first argument to collection() to be a CollectionReference, a DocumentReference or FirebaseFirestore] {
2026-06-29T04:35:21.8776413Z   code: [32m'invalid-argument'[39m,
2026-06-29T04:35:21.8776626Z   customData: [90mundefined[39m,
2026-06-29T04:35:21.8776852Z   toString: [36m[Function (anonymous)][39m
2026-06-29T04:35:21.8776947Z }
2026-06-29T04:35:21.8778015Z [useFirestoreSync] Failed to subscribe to nlp-shortcuts [FirebaseError: Expected first argument to collection() to be a CollectionReference, a DocumentReference or FirebaseFirestore] {
2026-06-29T04:35:21.8778219Z   code: [32m'invalid-argument'[39m,
2026-06-29T04:35:21.8778427Z   customData: [90mundefined[39m,
2026-06-29T04:35:21.8778651Z   toString: [36m[Function (anonymous)][39m
2026-06-29T04:35:21.8778743Z }
2026-06-29T04:35:21.8779807Z [useFirestoreSync] Failed to subscribe to habit-templates [FirebaseError: Expected first argument to collection() to be a CollectionReference, a DocumentReference or FirebaseFirestore] {
2026-06-29T04:35:21.8780000Z   code: [32m'invalid-argument'[39m,
2026-06-29T04:35:21.8780196Z   customData: [90mundefined[39m,
2026-06-29T04:35:21.8780428Z   toString: [36m[Function (anonymous)][39m
2026-06-29T04:35:21.8780520Z }
2026-06-29T04:35:21.8781591Z [useFirestoreSync] Failed to subscribe to project-templates [FirebaseError: Expected first argument to collection() to be a CollectionReference, a DocumentReference or FirebaseFirestore] {
2026-06-29T04:35:21.8781802Z   code: [32m'invalid-argument'[39m,
2026-06-29T04:35:21.8781994Z   customData: [90mundefined[39m,
2026-06-29T04:35:21.8782225Z   toString: [36m[Function (anonymous)][39m
2026-06-29T04:35:21.8782328Z }
2026-06-29T04:35:21.8783315Z [useFirestoreSync] Failed to subscribe to task-timings [FirebaseError: Expected first argument to collection() to be a CollectionReference, a DocumentReference or FirebaseFirestore] {
2026-06-29T04:35:21.8783574Z   code: [32m'invalid-argument'[39m,
2026-06-29T04:35:21.8783779Z   customData: [90mundefined[39m,
2026-06-29T04:35:21.8784008Z   toString: [36m[Function (anonymous)][39m
2026-06-29T04:35:21.8784340Z }
2026-06-29T04:35:21.8785288Z [useFirestoreSync] Failed to subscribe to milestones [FirebaseError: Expected first argument to collection() to be a CollectionReference, a DocumentReference or FirebaseFirestore] {
2026-06-29T04:35:21.8785507Z   code: [32m'invalid-argument'[39m,
2026-06-29T04:35:21.8785874Z   customData: [90mundefined[39m,
2026-06-29T04:35:21.8786233Z   toString: [36m[Function (anonymous)][39m
2026-06-29T04:35:21.8786342Z }
2026-06-29T04:35:21.8787384Z [useFirestoreSync] Failed to subscribe to medication-slots-ext [FirebaseError: Expected first argument to collection() to be a CollectionReference, a DocumentReference or FirebaseFirestore] {
2026-06-29T04:35:21.8787613Z   code: [32m'invalid-argument'[39m,
2026-06-29T04:35:21.8787815Z   customData: [90mundefined[39m,
2026-06-29T04:35:21.8788044Z   toString: [36m[Function (anonymous)][39m
2026-06-29T04:35:21.8788140Z }
2026-06-29T04:35:21.8789236Z [useFirestoreSync] Failed to subscribe to medication-slot-overrides [FirebaseError: Expected first argument to collection() to be a CollectionReference, a DocumentReference or FirebaseFirestore] {
2026-06-29T04:35:21.8789475Z   code: [32m'invalid-argument'[39m,
2026-06-29T04:35:21.8789679Z   customData: [90mundefined[39m,
2026-06-29T04:35:21.8789916Z   toString: [36m[Function (anonymous)][39m
2026-06-29T04:35:21.8790009Z }
2026-06-29T04:35:21.8791086Z [useFirestoreSync] Failed to subscribe to medication-tier-states [FirebaseError: Expected first argument to collection() to be a CollectionReference, a DocumentReference or FirebaseFirestore] {
2026-06-29T04:35:21.8791328Z   code: [32m'invalid-argument'[39m,
2026-06-29T04:35:21.8791522Z   customData: [90mundefined[39m,
2026-06-29T04:35:21.8791757Z   toString: [36m[Function (anonymous)][39m
2026-06-29T04:35:21.8791862Z }
2026-06-29T04:35:21.8792898Z [useFirestoreSync] Failed to subscribe to medication-refills [FirebaseError: Expected first argument to collection() to be a CollectionReference, a DocumentReference or FirebaseFirestore] {
2026-06-29T04:35:21.8793147Z   code: [32m'invalid-argument'[39m,
2026-06-29T04:35:21.8793339Z   customData: [90mundefined[39m,
2026-06-29T04:35:21.8793575Z   toString: [36m[Function (anonymous)][39m
2026-06-29T04:35:21.8793679Z }
2026-06-29T04:35:21.8794815Z [useFirestoreSync] Failed to subscribe to daily-essential-slot-completions [FirebaseError: Expected first argument to collection() to be a CollectionReference, a DocumentReference or FirebaseFirestore] {
2026-06-29T04:35:21.8795057Z   code: [32m'invalid-argument'[39m,
2026-06-29T04:35:21.8795261Z   customData: [90mundefined[39m,
2026-06-29T04:35:21.8795478Z   toString: [36m[Function (anonymous)][39m
2026-06-29T04:35:21.8795839Z }
2026-06-29T04:35:21.8796834Z [useFirestoreSync] Failed to subscribe to sort-preferences [FirebaseError: Expected first argument to doc() to be a CollectionReference, a DocumentReference or FirebaseFirestore] {
2026-06-29T04:35:21.8797077Z   code: [32m'invalid-argument'[39m,
2026-06-29T04:35:21.8797298Z   customData: [90mundefined[39m,
2026-06-29T04:35:21.8797520Z   toString: [36m[Function (anonymous)][39m
2026-06-29T04:35:21.8797625Z }
2026-06-29T04:35:21.8797636Z 
2026-06-29T04:35:21.8798683Z [90mstderr[2m | src/hooks/__tests__/useFirestoreSync.test.tsx[2m > [22m[2museFirestoreSync[2m > [22m[2ma remote medications snapshot updates the medications store
2026-06-29T04:35:21.8799858Z [22m[39m[medicationSlots] slot-defs backfill failed [FirebaseError: Expected first argument to collection() to be a CollectionReference, a DocumentReference or FirebaseFirestore] {
2026-06-29T04:35:21.8800091Z   code: [32m'invalid-argument'[39m,
2026-06-29T04:35:21.8800298Z   customData: [90mundefined[39m,
2026-06-29T04:35:21.8800526Z   toString: [36m[Function (anonymous)][39m
2026-06-29T04:35:21.8800635Z }
2026-06-29T04:35:21.8801669Z [useFirestoreSync] Failed to subscribe to task-completions [FirebaseError: Expected first argument to collection() to be a CollectionReference, a DocumentReference or FirebaseFirestore] {
2026-06-29T04:35:21.8802063Z   code: [32m'invalid-argument'[39m,
2026-06-29T04:35:21.8802254Z   customData: [90mundefined[39m,
2026-06-29T04:35:21.8802463Z   toString: [36m[Function (anonymous)][39m
2026-06-29T04:35:21.8802565Z }
2026-06-29T04:35:21.8803698Z [useFirestoreSync] Failed to subscribe to dormancy-threshold [FirebaseError: Expected first argument to doc() to be a CollectionReference, a DocumentReference or FirebaseFirestore] {
2026-06-29T04:35:21.8803913Z   code: [32m'invalid-argument'[39m,
2026-06-29T04:35:21.8804123Z   customData: [90mundefined[39m,
2026-06-29T04:35:21.8804346Z   toString: [36m[Function (anonymous)][39m
2026-06-29T04:35:21.8804432Z }
2026-06-29T04:35:21.8805309Z [useFirestoreSync] Failed to subscribe to courses [FirebaseError: Expected first argument to collection() to be a CollectionReference, a DocumentReference or FirebaseFirestore] {
2026-06-29T04:35:21.8805520Z   code: [32m'invalid-argument'[39m,
2026-06-29T04:35:21.8805866Z   customData: [90mundefined[39m,
2026-06-29T04:35:21.8806084Z   toString: [36m[Function (anonymous)][39m
2026-06-29T04:35:21.8806179Z }
2026-06-29T04:35:21.8807218Z [useFirestoreSync] Failed to subscribe to theme-preferences [FirebaseError: Expected first argument to doc() to be a CollectionReference, a DocumentReference or FirebaseFirestore] {
2026-06-29T04:35:21.8807434Z   code: [32m'invalid-argument'[39m,
2026-06-29T04:35:21.8807636Z   customData: [90mundefined[39m,
2026-06-29T04:35:21.8807863Z   toString: [36m[Function (anonymous)][39m
2026-06-29T04:35:21.8807963Z }
2026-06-29T04:35:21.8808977Z [useFirestoreSync] Failed to subscribe to nd-preferences [FirebaseError: Expected first argument to doc() to be a CollectionReference, a DocumentReference or FirebaseFirestore] {
2026-06-29T04:35:21.8809188Z   code: [32m'invalid-argument'[39m,
2026-06-29T04:35:21.8809396Z   customData: [90mundefined[39m,
2026-06-29T04:35:21.8809615Z   toString: [36m[Function (anonymous)][39m
2026-06-29T04:35:21.8809715Z }
2026-06-29T04:35:21.8810749Z [useFirestoreSync] Failed to subscribe to a11y-preferences [FirebaseError: Expected first argument to doc() to be a CollectionReference, a DocumentReference or FirebaseFirestore] {
2026-06-29T04:35:21.8810960Z   code: [32m'invalid-argument'[39m,
2026-06-29T04:35:21.8811161Z   customData: [90mundefined[39m,
2026-06-29T04:35:21.8811379Z   toString: [36m[Function (anonymous)][39m
2026-06-29T04:35:21.8811482Z }
2026-06-29T04:35:21.8812554Z [useFirestoreSync] Failed to subscribe to self-care-logs [FirebaseError: Expected first argument to collection() to be a CollectionReference, a DocumentReference or FirebaseFirestore] {
2026-06-29T04:35:21.8812759Z   code: [32m'invalid-argument'[39m,
2026-06-29T04:35:21.8812964Z   customData: [90mundefined[39m,
2026-06-29T04:35:21.8813186Z   toString: [36m[Function (anonymous)][39m
2026-06-29T04:35:21.8813286Z }
2026-06-29T04:35:21.8814365Z [useFirestoreSync] Failed to subscribe to self-care-steps [FirebaseError: Expected first argument to collection() to be a CollectionReference, a DocumentReference or FirebaseFirestore] {
2026-06-29T04:35:21.8814573Z   code: [32m'invalid-argument'[39m,
2026-06-29T04:35:21.8814772Z   customData: [90mundefined[39m,
2026-06-29T04:35:21.8814998Z   toString: [36m[Function (anonymous)][39m
2026-06-29T04:35:21.8815113Z }
2026-06-29T04:35:21.8816323Z [useFirestoreSync] Failed to subscribe to dashboard-preferences [FirebaseError: Expected first argument to doc() to be a CollectionReference, a DocumentReference or FirebaseFirestore] {
2026-06-29T04:35:21.8816535Z   code: [32m'invalid-argument'[39m,
2026-06-29T04:35:21.8816725Z   customData: [90mundefined[39m,
2026-06-29T04:35:21.8816958Z   toString: [36m[Function (anonymous)][39m
2026-06-29T04:35:21.8817060Z }
2026-06-29T04:35:21.8818084Z [useFirestoreSync] Failed to subscribe to advanced-tuning [FirebaseError: Expected first argument to doc() to be a CollectionReference, a DocumentReference or FirebaseFirestore] {
2026-06-29T04:35:21.8818294Z   code: [32m'invalid-argument'[39m,
2026-06-29T04:35:21.8818631Z   customData: [90mundefined[39m,
2026-06-29T04:35:21.8818851Z   toString: [36m[Function (anonymous)][39m
2026-06-29T04:35:21.8818952Z }
2026-06-29T04:35:21.8819986Z [useFirestoreSync] Failed to subscribe to rest-days [FirebaseError: Expected first argument to collection() to be a CollectionReference, a DocumentReference or FirebaseFirestore] {
2026-06-29T04:35:21.8820288Z   code: [32m'invalid-argument'[39m,
2026-06-29T04:35:21.8820486Z   customData: [90mundefined[39m,
2026-06-29T04:35:21.8820704Z   toString: [36m[Function (anonymous)][39m
2026-06-29T04:35:21.8820804Z }
2026-06-29T04:35:21.8821927Z [useFirestoreSync] Failed to subscribe to notification-profiles [FirebaseError: Expected first argument to collection() to be a CollectionReference, a DocumentReference or FirebaseFirestore] {
2026-06-29T04:35:21.8822126Z   code: [32m'invalid-argument'[39m,
2026-06-29T04:35:21.8822333Z   customData: [90mundefined[39m,
2026-06-29T04:35:21.8822562Z   toString: [36m[Function (anonymous)][39m
2026-06-29T04:35:21.8822660Z }
2026-06-29T04:35:21.8823784Z [useFirestoreSync] Failed to subscribe to active-notification-profile [FirebaseError: Expected first argument to doc() to be a CollectionReference, a DocumentReference or FirebaseFirestore] {
2026-06-29T04:35:21.8823994Z   code: [32m'invalid-argument'[39m,
2026-06-29T04:35:21.8824189Z   customData: [90mundefined[39m,
2026-06-29T04:35:21.8824417Z   toString: [36m[Function (anonymous)][39m
2026-06-29T04:35:21.8824509Z }
2026-06-29T04:35:21.8825568Z [useFirestoreSync] Failed to subscribe to custom-sounds [FirebaseError: Expected first argument to collection() to be a CollectionReference, a DocumentReference or FirebaseFirestore] {
2026-06-29T04:35:21.8826025Z   code: [32m'invalid-argument'[39m,
2026-06-29T04:35:21.8826214Z   customData: [90mundefined[39m,
2026-06-29T04:35:21.8826442Z   toString: [36m[Function (anonymous)][39m
2026-06-29T04:35:21.8826543Z }
2026-06-29T04:35:21.8827601Z [useFirestoreSync] Failed to subscribe to saved-filters [FirebaseError: Expected first argument to collection() to be a CollectionReference, a DocumentReference or FirebaseFirestore] {
2026-06-29T04:35:21.8827814Z   code: [32m'invalid-argument'[39m,
2026-06-29T04:35:21.8828002Z   customData: [90mundefined[39m,
2026-06-29T04:35:21.8828232Z   toString: [36m[Function (anonymous)][39m
2026-06-29T04:35:21.8828336Z }
2026-06-29T04:35:21.8829387Z [useFirestoreSync] Failed to subscribe to nlp-shortcuts [FirebaseError: Expected first argument to collection() to be a CollectionReference, a DocumentReference or FirebaseFirestore] {
2026-06-29T04:35:21.8829594Z   code: [32m'invalid-argument'[39m,
2026-06-29T04:35:21.8829789Z   customData: [90mundefined[39m,
2026-06-29T04:35:21.8830007Z   toString: [36m[Function (anonymous)][39m
2026-06-29T04:35:21.8830108Z }
2026-06-29T04:35:21.8831181Z [useFirestoreSync] Failed to subscribe to habit-templates [FirebaseError: Expected first argument to collection() to be a CollectionReference, a DocumentReference or FirebaseFirestore] {
2026-06-29T04:35:21.8831384Z   code: [32m'invalid-argument'[39m,
2026-06-29T04:35:21.8831580Z   customData: [90mundefined[39m,
2026-06-29T04:35:21.8831796Z   toString: [36m[Function (anonymous)][39m
2026-06-29T04:35:21.8831896Z }
2026-06-29T04:35:21.8832989Z [useFirestoreSync] Failed to subscribe to project-templates [FirebaseError: Expected first argument to collection() to be a CollectionReference, a DocumentReference or FirebaseFirestore] {
2026-06-29T04:35:21.8833191Z   code: [32m'invalid-argument'[39m,
2026-06-29T04:35:21.8833389Z   customData: [90mundefined[39m,
2026-06-29T04:35:21.8833616Z   toString: [36m[Function (anonymous)][39m
2026-06-29T04:35:21.8833709Z }
2026-06-29T04:35:21.8834763Z [useFirestoreSync] Failed to subscribe to task-timings [FirebaseError: Expected first argument to collection() to be a CollectionReference, a DocumentReference or FirebaseFirestore] {
2026-06-29T04:35:21.8834977Z   code: [32m'invalid-argument'[39m,
2026-06-29T04:35:21.8835317Z   customData: [90mundefined[39m,
2026-06-29T04:35:21.8835547Z   toString: [36m[Function (anonymous)][39m
2026-06-29T04:35:21.8835750Z }
2026-06-29T04:35:21.8836805Z [useFirestoreSync] Failed to subscribe to milestones [FirebaseError: Expected first argument to collection() to be a CollectionReference, a DocumentReference or FirebaseFirestore] {
2026-06-29T04:35:21.8837131Z   code: [32m'invalid-argument'[39m,
2026-06-29T04:35:21.8837317Z   customData: [90mundefined[39m,
2026-06-29T04:35:21.8837544Z   toString: [36m[Function (anonymous)][39m
2026-06-29T04:35:21.8837644Z }
2026-06-29T04:35:21.8838747Z [useFirestoreSync] Failed to subscribe to medication-slots-ext [FirebaseError: Expected first argument to collection() to be a CollectionReference, a DocumentReference or FirebaseFirestore] {
2026-06-29T04:35:21.8838953Z   code: [32m'invalid-argument'[39m,
2026-06-29T04:35:21.8839138Z   customData: [90mundefined[39m,
2026-06-29T04:35:21.8839361Z   toString: [36m[Function (anonymous)][39m
2026-06-29T04:35:21.8839466Z }
2026-06-29T04:35:21.8840613Z [useFirestoreSync] Failed to subscribe to medication-slot-overrides [FirebaseError: Expected first argument to collection() to be a CollectionReference, a DocumentReference or FirebaseFirestore] {
2026-06-29T04:35:21.8840820Z   code: [32m'invalid-argument'[39m,
2026-06-29T04:35:21.8841018Z   customData: [90mundefined[39m,
2026-06-29T04:35:21.8841242Z   toString: [36m[Function (anonymous)][39m
2026-06-29T04:35:21.8841342Z }
2026-06-29T04:35:21.8842469Z [useFirestoreSync] Failed to subscribe to medication-tier-states [FirebaseError: Expected first argument to collection() to be a CollectionReference, a DocumentReference or FirebaseFirestore] {
2026-06-29T04:35:21.8842675Z   code: [32m'invalid-argument'[39m,
2026-06-29T04:35:21.8842874Z   customData: [90mundefined[39m,
2026-06-29T04:35:21.8843088Z   toString: [36m[Function (anonymous)][39m
2026-06-29T04:35:21.8843189Z }
2026-06-29T04:35:21.8844284Z [useFirestoreSync] Failed to subscribe to medication-refills [FirebaseError: Expected first argument to collection() to be a CollectionReference, a DocumentReference or FirebaseFirestore] {
2026-06-29T04:35:21.8844488Z   code: [32m'invalid-argument'[39m,
2026-06-29T04:35:21.8844688Z   customData: [90mundefined[39m,
2026-06-29T04:35:21.8844912Z   toString: [36m[Function (anonymous)][39m
2026-06-29T04:35:21.8845006Z }
2026-06-29T04:35:21.8846342Z [useFirestoreSync] Failed to subscribe to daily-essential-slot-completions [FirebaseError: Expected first argument to collection() to be a CollectionReference, a DocumentReference or FirebaseFirestore] {
2026-06-29T04:35:21.8846549Z   code: [32m'invalid-argument'[39m,
2026-06-29T04:35:21.8846740Z   customData: [90mundefined[39m,
2026-06-29T04:35:21.8846970Z   toString: [36m[Function (anonymous)][39m
2026-06-29T04:35:21.8847064Z }
2026-06-29T04:35:21.8848100Z [useFirestoreSync] Failed to subscribe to sort-preferences [FirebaseError: Expected first argument to doc() to be a CollectionReference, a DocumentReference or FirebaseFirestore] {
2026-06-29T04:35:21.8848318Z   code: [32m'invalid-argument'[39m,
2026-06-29T04:35:21.8848511Z   customData: [90mundefined[39m,
2026-06-29T04:35:21.8848738Z   toString: [36m[Function (anonymous)][39m
2026-06-29T04:35:21.8848836Z }
2026-06-29T04:35:21.8848845Z 
2026-06-29T04:35:21.8849963Z [90mstderr[2m | src/hooks/__tests__/useFirestoreSync.test.tsx[2m > [22m[2museFirestoreSync[2m > [22m[2ma remote weekly-reviews snapshot updates the weekly-reviews store
2026-06-29T04:35:21.8851169Z [22m[39m[medicationSlots] slot-defs backfill failed [FirebaseError: Expected first argument to collection() to be a CollectionReference, a DocumentReference or FirebaseFirestore] {
2026-06-29T04:35:21.8851383Z   code: [32m'invalid-argument'[39m,
2026-06-29T04:35:21.8851574Z   customData: [90mundefined[39m,
2026-06-29T04:35:21.8851804Z   toString: [36m[Function (anonymous)][39m
2026-06-29T04:35:21.8851898Z }
2026-06-29T04:35:21.8852991Z [useFirestoreSync] Failed to subscribe to task-completions [FirebaseError: Expected first argument to collection() to be a CollectionReference, a DocumentReference or FirebaseFirestore] {
2026-06-29T04:35:21.8853341Z   code: [32m'invalid-argument'[39m,
2026-06-29T04:35:21.8853537Z   customData: [90mundefined[39m,
2026-06-29T04:35:21.8853771Z   toString: [36m[Function (anonymous)][39m
2026-06-29T04:35:21.8853871Z }
2026-06-29T04:35:21.8855019Z [useFirestoreSync] Failed to subscribe to dormancy-threshold [FirebaseError: Expected first argument to doc() to be a CollectionReference, a DocumentReference or FirebaseFirestore] {
2026-06-29T04:35:21.8855232Z   code: [32m'invalid-argument'[39m,
2026-06-29T04:35:21.8855432Z   customData: [90mundefined[39m,
2026-06-29T04:35:21.8855817Z   toString: [36m[Function (anonymous)][39m
2026-06-29T04:35:21.8855922Z }
2026-06-29T04:35:21.8856951Z [useFirestoreSync] Failed to subscribe to courses [FirebaseError: Expected first argument to collection() to be a CollectionReference, a DocumentReference or FirebaseFirestore] {
2026-06-29T04:35:21.8857177Z   code: [32m'invalid-argument'[39m,
2026-06-29T04:35:21.8857375Z   customData: [90mundefined[39m,
2026-06-29T04:35:21.8857596Z   toString: [36m[Function (anonymous)][39m
2026-06-29T04:35:21.8857702Z }
2026-06-29T04:35:21.8858748Z [useFirestoreSync] Failed to subscribe to theme-preferences [FirebaseError: Expected first argument to doc() to be a CollectionReference, a DocumentReference or FirebaseFirestore] {
2026-06-29T04:35:21.8858949Z   code: [32m'invalid-argument'[39m,
2026-06-29T04:35:21.8859147Z   customData: [90mundefined[39m,
2026-06-29T04:35:21.8859375Z   toString: [36m[Function (anonymous)][39m
2026-06-29T04:35:21.8859470Z }
2026-06-29T04:35:21.8860489Z [useFirestoreSync] Failed to subscribe to nd-preferences [FirebaseError: Expected first argument to doc() to be a CollectionReference, a DocumentReference or FirebaseFirestore] {
2026-06-29T04:35:21.8860688Z   code: [32m'invalid-argument'[39m,
2026-06-29T04:35:21.8860885Z   customData: [90mundefined[39m,
2026-06-29T04:35:21.8861114Z   toString: [36m[Function (anonymous)][39m
2026-06-29T04:35:21.8861205Z }
2026-06-29T04:35:21.8862233Z [useFirestoreSync] Failed to subscribe to a11y-preferences [FirebaseError: Expected first argument to doc() to be a CollectionReference, a DocumentReference or FirebaseFirestore] {
2026-06-29T04:35:21.8862441Z   code: [32m'invalid-argument'[39m,
2026-06-29T04:35:21.8862630Z   customData: [90mundefined[39m,
2026-06-29T04:35:21.8862858Z   toString: [36m[Function (anonymous)][39m
2026-06-29T04:35:21.8862953Z }
2026-06-29T04:35:21.8864028Z [useFirestoreSync] Failed to subscribe to self-care-logs [FirebaseError: Expected first argument to collection() to be a CollectionReference, a DocumentReference or FirebaseFirestore] {
2026-06-29T04:35:21.8864236Z   code: [32m'invalid-argument'[39m,
2026-06-29T04:35:21.8864424Z   customData: [90mundefined[39m,
2026-06-29T04:35:21.8864656Z   toString: [36m[Function (anonymous)][39m
2026-06-29T04:35:21.8864759Z }
2026-06-29T04:35:21.8865915Z [useFirestoreSync] Failed to subscribe to self-care-steps [FirebaseError: Expected first argument to collection() to be a CollectionReference, a DocumentReference or FirebaseFirestore] {
2026-06-29T04:35:21.8866130Z   code: [32m'invalid-argument'[39m,
2026-06-29T04:35:21.8866334Z   customData: [90mundefined[39m,
2026-06-29T04:35:21.8866554Z   toString: [36m[Function (anonymous)][39m
2026-06-29T04:35:21.8866657Z }
2026-06-29T04:35:21.8867654Z [useFirestoreSync] Failed to subscribe to dashboard-preferences [FirebaseError: Expected first argument to doc() to be a CollectionReference, a DocumentReference or FirebaseFirestore] {
2026-06-29T04:35:21.8867846Z   code: [32m'invalid-argument'[39m,
2026-06-29T04:35:21.8868024Z   customData: [90mundefined[39m,
2026-06-29T04:35:21.8868216Z   toString: [36m[Function (anonymous)][39m
2026-06-29T04:35:21.8868308Z }
2026-06-29T04:35:21.8869220Z [useFirestoreSync] Failed to subscribe to advanced-tuning [FirebaseError: Expected first argument to doc() to be a CollectionReference, a DocumentReference or FirebaseFirestore] {
2026-06-29T04:35:21.8869579Z   code: [32m'invalid-argument'[39m,
2026-06-29T04:35:21.8869776Z   customData: [90mundefined[39m,
2026-06-29T04:35:21.8869993Z   toString: [36m[Function (anonymous)][39m
2026-06-29T04:35:21.8870087Z }
2026-06-29T04:35:21.8871155Z [useFirestoreSync] Failed to subscribe to rest-days [FirebaseError: Expected first argument to collection() to be a CollectionReference, a DocumentReference or FirebaseFirestore] {
2026-06-29T04:35:21.8871353Z   code: [32m'invalid-argument'[39m,
2026-06-29T04:35:21.8871552Z   customData: [90mundefined[39m,
2026-06-29T04:35:21.8871770Z   toString: [36m[Function (anonymous)][39m
2026-06-29T04:35:21.8871863Z }
2026-06-29T04:35:21.8872936Z [useFirestoreSync] Failed to subscribe to notification-profiles [FirebaseError: Expected first argument to collection() to be a CollectionReference, a DocumentReference or FirebaseFirestore] {
2026-06-29T04:35:21.8873144Z   code: [32m'invalid-argument'[39m,
2026-06-29T04:35:21.8873323Z   customData: [90mundefined[39m,
2026-06-29T04:35:21.8873541Z   toString: [36m[Function (anonymous)][39m
2026-06-29T04:35:21.8873633Z }
2026-06-29T04:35:21.8874697Z [useFirestoreSync] Failed to subscribe to active-notification-profile [FirebaseError: Expected first argument to doc() to be a CollectionReference, a DocumentReference or FirebaseFirestore] {
2026-06-29T04:35:21.8874932Z   code: [32m'invalid-argument'[39m,
2026-06-29T04:35:21.8875126Z   customData: [90mundefined[39m,
2026-06-29T04:35:21.8875348Z   toString: [36m[Function (anonymous)][39m
2026-06-29T04:35:21.8875454Z }
2026-06-29T04:35:21.8876661Z [useFirestoreSync] Failed to subscribe to custom-sounds [FirebaseError: Expected first argument to collection() to be a CollectionReference, a DocumentReference or FirebaseFirestore] {
2026-06-29T04:35:21.8876922Z   code: [32m'invalid-argument'[39m,
2026-06-29T04:35:21.8877124Z   customData: [90mundefined[39m,
2026-06-29T04:35:21.8877353Z   toString: [36m[Function (anonymous)][39m
2026-06-29T04:35:21.8877458Z }
2026-06-29T04:35:21.8878463Z [useFirestoreSync] Failed to subscribe to saved-filters [FirebaseError: Expected first argument to collection() to be a CollectionReference, a DocumentReference or FirebaseFirestore] {
2026-06-29T04:35:21.8878689Z   code: [32m'invalid-argument'[39m,
2026-06-29T04:35:21.8878896Z   customData: [90mundefined[39m,
2026-06-29T04:35:21.8879116Z   toString: [36m[Function (anonymous)][39m
2026-06-29T04:35:21.8879223Z }
2026-06-29T04:35:21.8880245Z [useFirestoreSync] Failed to subscribe to nlp-shortcuts [FirebaseError: Expected first argument to collection() to be a CollectionReference, a DocumentReference or FirebaseFirestore] {
2026-06-29T04:35:21.8880480Z   code: [32m'invalid-argument'[39m,
2026-06-29T04:35:21.8880685Z   customData: [90mundefined[39m,
2026-06-29T04:35:21.8880911Z   toString: [36m[Function (anonymous)][39m
2026-06-29T04:35:21.8881008Z }
2026-06-29T04:35:21.8882088Z [useFirestoreSync] Failed to subscribe to habit-templates [FirebaseError: Expected first argument to collection() to be a CollectionReference, a DocumentReference or FirebaseFirestore] {
2026-06-29T04:35:21.8882304Z   code: [32m'invalid-argument'[39m,
2026-06-29T04:35:21.8882509Z   customData: [90mundefined[39m,
2026-06-29T04:35:21.8882736Z   toString: [36m[Function (anonymous)][39m
2026-06-29T04:35:21.8882833Z }
2026-06-29T04:35:21.8883933Z [useFirestoreSync] Failed to subscribe to project-templates [FirebaseError: Expected first argument to collection() to be a CollectionReference, a DocumentReference or FirebaseFirestore] {
2026-06-29T04:35:21.8884141Z   code: [32m'invalid-argument'[39m,
2026-06-29T04:35:21.8884330Z   customData: [90mundefined[39m,
2026-06-29T04:35:21.8884557Z   toString: [36m[Function (anonymous)][39m
2026-06-29T04:35:21.8884649Z }
2026-06-29T04:35:21.8885932Z [useFirestoreSync] Failed to subscribe to task-timings [FirebaseError: Expected first argument to collection() to be a CollectionReference, a DocumentReference or FirebaseFirestore] {
2026-06-29T04:35:21.8886318Z   code: [32m'invalid-argument'[39m,
2026-06-29T04:35:21.8886507Z   customData: [90mundefined[39m,
2026-06-29T04:35:21.8886735Z   toString: [36m[Function (anonymous)][39m
2026-06-29T04:35:21.8886837Z }
2026-06-29T04:35:21.8887976Z [useFirestoreSync] Failed to subscribe to milestones [FirebaseError: Expected first argument to collection() to be a CollectionReference, a DocumentReference or FirebaseFirestore] {
2026-06-29T04:35:21.8888187Z   code: [32m'invalid-argument'[39m,
2026-06-29T04:35:21.8888383Z   customData: [90mundefined[39m,
2026-06-29T04:35:21.8888600Z   toString: [36m[Function (anonymous)][39m
2026-06-29T04:35:21.8888702Z }
2026-06-29T04:35:21.8889807Z [useFirestoreSync] Failed to subscribe to medication-slots-ext [FirebaseError: Expected first argument to collection() to be a CollectionReference, a DocumentReference or FirebaseFirestore] {
2026-06-29T04:35:21.8890020Z   code: [32m'invalid-argument'[39m,
2026-06-29T04:35:21.8890224Z   customData: [90mundefined[39m,
2026-06-29T04:35:21.8890443Z   toString: [36m[Function (anonymous)][39m
2026-06-29T04:35:21.8890541Z }
2026-06-29T04:35:21.8891693Z [useFirestoreSync] Failed to subscribe to medication-slot-overrides [FirebaseError: Expected first argument to collection() to be a CollectionReference, a DocumentReference or FirebaseFirestore] {
2026-06-29T04:35:21.8891899Z   code: [32m'invalid-argument'[39m,
2026-06-29T04:35:21.8892096Z   customData: [90mundefined[39m,
2026-06-29T04:35:21.8892324Z   toString: [36m[Function (anonymous)][39m
2026-06-29T04:35:21.8892418Z }
2026-06-29T04:35:21.8893547Z [useFirestoreSync] Failed to subscribe to medication-tier-states [FirebaseError: Expected first argument to collection() to be a CollectionReference, a DocumentReference or FirebaseFirestore] {
2026-06-29T04:35:21.8893753Z   code: [32m'invalid-argument'[39m,
2026-06-29T04:35:21.8893953Z   customData: [90mundefined[39m,
2026-06-29T04:35:21.8894181Z   toString: [36m[Function (anonymous)][39m
2026-06-29T04:35:21.8894281Z }
2026-06-29T04:35:21.8895388Z [useFirestoreSync] Failed to subscribe to medication-refills [FirebaseError: Expected first argument to collection() to be a CollectionReference, a DocumentReference or FirebaseFirestore] {
2026-06-29T04:35:21.8895796Z   code: [32m'invalid-argument'[39m,
2026-06-29T04:35:21.8895991Z   customData: [90mundefined[39m,
2026-06-29T04:35:21.8896219Z   toString: [36m[Function (anonymous)][39m
2026-06-29T04:35:21.8896323Z }
2026-06-29T04:35:21.8897527Z [useFirestoreSync] Failed to subscribe to daily-essential-slot-completions [FirebaseError: Expected first argument to collection() to be a CollectionReference, a DocumentReference or FirebaseFirestore] {
2026-06-29T04:35:21.8897736Z   code: [32m'invalid-argument'[39m,
2026-06-29T04:35:21.8897925Z   customData: [90mundefined[39m,
2026-06-29T04:35:21.8898153Z   toString: [36m[Function (anonymous)][39m
2026-06-29T04:35:21.8898250Z }
2026-06-29T04:35:21.8899282Z [useFirestoreSync] Failed to subscribe to sort-preferences [FirebaseError: Expected first argument to doc() to be a CollectionReference, a DocumentReference or FirebaseFirestore] {
2026-06-29T04:35:21.8899493Z   code: [32m'invalid-argument'[39m,
2026-06-29T04:35:21.8899693Z   customData: [90mundefined[39m,
2026-06-29T04:35:21.8899908Z   toString: [36m[Function (anonymous)][39m
2026-06-29T04:35:21.8900015Z }
2026-06-29T04:35:21.8900024Z 
2026-06-29T04:35:21.8900795Z  [32m✓[39m src/hooks/__tests__/useFirestoreSync.test.tsx [2m([22m[2m25 tests[22m[2m)[22m[32m 142[2mms[22m[39m
2026-06-29T04:35:21.8901467Z  [32m✓[39m src/features/chat/__tests__/chatActions.test.ts [2m([22m[2m22 tests[22m[2m)[22m[32m 19[2mms[22m[39m
2026-06-29T04:35:22.9787636Z  [32m✓[39m src/features/search/__tests__/searchFilters.test.ts [2m([22m[2m24 tests[22m[2m)[22m[32m 14[2mms[22m[39m
2026-06-29T04:35:23.2706735Z Not implemented: navigation to another Document
2026-06-29T04:35:23.2708035Z  [32m✓[39m src/stores/__tests__/authStoreDeletion.test.ts [2m([22m[2m9 tests[22m[2m)[22m[32m 12[2mms[22m[39m
2026-06-29T04:35:23.2797461Z Not implemented: navigation to another Document
2026-06-29T04:35:24.0678194Z  [32m✓[39m src/stores/__tests__/habitStore.recurringPeriod.test.ts [2m([22m[2m13 tests[22m[2m)[22m[32m 19[2mms[22m[39m
2026-06-29T04:35:24.5367863Z  [32m✓[39m src/stores/__tests__/courseStore.test.ts [2m([22m[2m9 tests[22m[2m)[22m[32m 12[2mms[22m[39m
2026-06-29T04:35:24.6867401Z  [32m✓[39m src/features/today/__tests__/DailyEssentialsCards.test.ts [2m([22m[2m13 tests[22m[2m)[22m[32m 6[2mms[22m[39m
2026-06-29T04:35:25.2378427Z  [32m✓[39m src/stores/__tests__/leisureStore.startOfDayHour.test.ts [2m([22m[2m5 tests[22m[2m)[22m[32m 9[2mms[22m[39m
2026-06-29T04:35:25.5808830Z  [32m✓[39m src/utils/__tests__/modeBalanceTracker.test.ts [2m([22m[2m10 tests[22m[2m)[22m[32m 8[2mms[22m[39m
2026-06-29T04:35:26.1578314Z  [32m✓[39m src/features/medication/__tests__/doseAssignment.test.ts [2m([22m[2m9 tests[22m[2m)[22m[32m 5[2mms[22m[39m
2026-06-29T04:35:26.5668505Z  [32m✓[39m src/features/balance/__tests__/weeklyBalanceReport.test.ts [2m([22m[2m8 tests[22m[2m)[22m[32m 10[2mms[22m[39m
2026-06-29T04:35:26.8524197Z  [32m✓[39m src/utils/__tests__/urgency.test.ts [2m([22m[2m12 tests[22m[2m)[22m[32m 16[2mms[22m[39m
2026-06-29T04:35:27.1277934Z  [32m✓[39m src/features/balance/__tests__/weeklyModeReport.test.ts [2m([22m[2m6 tests[22m[2m)[22m[32m 8[2mms[22m[39m
2026-06-29T04:35:27.6027554Z  [32m✓[39m src/api/firestore/__tests__/moodEnergyLogs.test.ts [2m([22m[2m7 tests[22m[2m)[22m[32m 5[2mms[22m[39m
2026-06-29T04:35:28.9625177Z  [32m✓[39m src/api/firestore/__tests__/projects.test.ts [2m([22m[2m6 tests[22m[2m)[22m[32m 10[2mms[22m[39m
2026-06-29T04:35:29.0434155Z [90mstderr[2m | src/features/settings/sections/__tests__/DeleteAccountModal.test.tsx[2m > [22m[2mDeleteAccountModal[2m > [22m[2mproceeds with logout even if the Firestore mirror write fails
2026-06-29T04:35:29.0447050Z [22m[39mFailed to mirror deletion to Firestore (non-fatal): Error: Firestore down
2026-06-29T04:35:29.0448595Z     at [90m/home/runner/work/prismTask/prismTask/web/[39msrc/features/settings/sections/__tests__/DeleteAccountModal.test.tsx:134:41
2026-06-29T04:35:29.0450125Z     at [90mfile:///home/runner/work/prismTask/prismTask/web/[39mnode_modules/[4m@vitest/runner[24m/dist/chunk-artifact.js:302:11
2026-06-29T04:35:29.0451581Z     at [90mfile:///home/runner/work/prismTask/prismTask/web/[39mnode_modules/[4m@vitest/runner[24m/dist/chunk-artifact.js:1903:26
2026-06-29T04:35:29.0453090Z     at [90mfile:///home/runner/work/prismTask/prismTask/web/[39mnode_modules/[4m@vitest/runner[24m/dist/chunk-artifact.js:2326:20
2026-06-29T04:35:29.0454007Z     at new Promise (<anonymous>)
2026-06-29T04:35:29.0455202Z     at runWithCancel [90m(file:///home/runner/work/prismTask/prismTask/web/[39mnode_modules/[4m@vitest/runner[24m/dist/chunk-artifact.js:2323:10[90m)[39m
2026-06-29T04:35:29.0457098Z     at [90mfile:///home/runner/work/prismTask/prismTask/web/[39mnode_modules/[4m@vitest/runner[24m/dist/chunk-artifact.js:2305:20
2026-06-29T04:35:29.0457967Z     at new Promise (<anonymous>)
2026-06-29T04:35:29.0459210Z     at runWithTimeout [90m(file:///home/runner/work/prismTask/prismTask/web/[39mnode_modules/[4m@vitest/runner[24m/dist/chunk-artifact.js:2272:10[90m)[39m
2026-06-29T04:35:29.0460806Z     at [90mfile:///home/runner/work/prismTask/prismTask/web/[39mnode_modules/[4m@vitest/runner[24m/dist/chunk-artifact.js:2955:64
2026-06-29T04:35:29.0461580Z 
2026-06-29T04:35:29.0673800Z  [32m✓[39m src/features/settings/sections/__tests__/DeleteAccountModal.test.tsx [2m([22m[2m5 tests[22m[2m)[22m[33m 689[2mms[22m[39m
2026-06-29T04:35:29.4942086Z  [32m✓[39m src/features/medication/__tests__/BulkMarkDialog.test.tsx [2m([22m[2m7 tests[22m[2m)[22m[33m 697[2mms[22m[39m
2026-06-29T04:35:29.9906257Z  [32m✓[39m src/api/firestore/__tests__/dashboardPreferences.test.ts [2m([22m[2m8 tests[22m[2m)[22m[32m 7[2mms[22m[39m
2026-06-29T04:35:30.0723672Z  [32m✓[39m src/api/firestore/__tests__/wellness.lww.test.ts [2m([22m[2m7 tests[22m[2m)[22m[32m 10[2mms[22m[39m
2026-06-29T04:35:31.0737388Z  [32m✓[39m src/stores/__tests__/taskTimingsStore.test.ts [2m([22m[2m6 tests[22m[2m)[22m[32m 7[2mms[22m[39m
2026-06-29T04:35:31.3177462Z  [32m✓[39m src/features/settings/__tests__/BrainModeScreen.test.ts [2m([22m[2m12 tests[22m[2m)[22m[32m 7[2mms[22m[39m
2026-06-29T04:35:31.7048847Z  [32m✓[39m src/api/firestore/__tests__/weeklyReviews.test.ts [2m([22m[2m6 tests[22m[2m)[22m[32m 61[2mms[22m[39m
2026-06-29T04:35:32.0517682Z  [32m✓[39m src/api/firestore/__tests__/themePreferences.test.ts [2m([22m[2m10 tests[22m[2m)[22m[32m 11[2mms[22m[39m
2026-06-29T04:35:32.3237953Z  [32m✓[39m src/api/firestore/__tests__/ndPreferences.test.ts [2m([22m[2m9 tests[22m[2m)[22m[32m 8[2mms[22m[39m
2026-06-29T04:35:33.1354669Z  [32m✓[39m src/utils/__tests__/goodEnoughTimerManager.test.ts [2m([22m[2m16 tests[22m[2m)[22m[32m 7[2mms[22m[39m
2026-06-29T04:35:33.3644518Z  [32m✓[39m src/stores/__tests__/settingsStore.dormancyThreshold.test.ts [2m([22m[2m4 tests[22m[2m)[22m[32m 15[2mms[22m[39m
2026-06-29T04:35:34.2024188Z  [32m✓[39m src/components/shared/__tests__/QuickReschedule.test.tsx [2m([22m[2m8 tests[22m[2m)[22m[32m 234[2mms[22m[39m
2026-06-29T04:35:35.1838271Z  [32m✓[39m src/utils/__tests__/balanceTracker.test.ts [2m([22m[2m7 tests[22m[2m)[22m[32m 12[2mms[22m[39m
2026-06-29T04:35:35.2660170Z  [32m✓[39m src/stores/__tests__/projectStore.test.ts [2m([22m[2m4 tests[22m[2m)[22m[32m 9[2mms[22m[39m
2026-06-29T04:35:36.0801178Z  [32m✓[39m src/features/habits/__tests__/HabitBookingDialog.test.tsx [2m([22m[2m4 tests[22m[2m)[22m[33m 467[2mms[22m[39m
2026-06-29T04:35:36.3310290Z  [32m✓[39m src/utils/__tests__/dayBoundary.test.ts [2m([22m[2m9 tests[22m[2m)[22m[32m 7[2mms[22m[39m
2026-06-29T04:35:36.7007705Z  [32m✓[39m src/features/auth/__tests__/RestorePendingScreen.test.tsx [2m([22m[2m5 tests[22m[2m)[22m[33m 317[2mms[22m[39m
2026-06-29T04:35:37.0609867Z  [32m✓[39m src/utils/__tests__/batchIntentDetector.test.ts [2m([22m[2m11 tests[22m[2m)[22m[32m 7[2mms[22m[39m
2026-06-29T04:35:37.3878921Z  [32m✓[39m src/api/firestore/__tests__/medicationPreferences.test.ts [2m([22m[2m6 tests[22m[2m)[22m[32m 7[2mms[22m[39m
2026-06-29T04:35:37.6167650Z  [32m✓[39m src/utils/__tests__/priority.test.ts [2m([22m[2m14 tests[22m[2m)[22m[32m 8[2mms[22m[39m
2026-06-29T04:35:38.0421503Z  [32m✓[39m src/utils/__tests__/taskTitle.test.ts [2m([22m[2m10 tests[22m[2m)[22m[32m 7[2mms[22m[39m
2026-06-29T04:35:38.4362876Z  [32m✓[39m src/stores/__tests__/themeStore.test.ts [2m([22m[2m7 tests[22m[2m)[22m[32m 105[2mms[22m[39m
2026-06-29T04:35:38.7022408Z  [32m✓[39m src/utils/__tests__/taskModeClassifier.test.ts [2m([22m[2m11 tests[22m[2m)[22m[32m 7[2mms[22m[39m
2026-06-29T04:35:39.4808914Z  [32m✓[39m src/api/__tests__/analytics.test.ts [2m([22m[2m4 tests[22m[2m)[22m[32m 8[2mms[22m[39m
2026-06-29T04:35:40.5343250Z  [32m✓[39m src/utils/__tests__/metaBuiltInHabit.test.ts [2m([22m[2m16 tests[22m[2m)[22m[32m 6[2mms[22m[39m
2026-06-29T04:35:40.7421878Z  [31m❯[39m src/components/__tests__/ContributionGrid.test.tsx [2m([22m[2m5 tests[22m[2m | [22m[31m2 failed[39m[2m)[22m[32m 180[2mms[22m[39m
2026-06-29T04:35:40.7446090Z      [32m✓[39m renders the configured title[32m 75[2mms[22m[39m
2026-06-29T04:35:40.7447688Z [31m     [31m×[31m renders 12 weeks of cells by default (7 rows × 12 columns)[39m[32m 30[2mms[22m[39m
2026-06-29T04:35:40.7448759Z      [32m✓[39m buckets recent completions into the grid by date[32m 34[2mms[22m[39m
2026-06-29T04:35:40.7449761Z      [32m✓[39m clamps cells with no completions to count = 0[32m 27[2mms[22m[39m
2026-06-29T04:35:40.7451182Z [31m     [31m×[31m respects a custom weeks count[39m[32m 11[2mms[22m[39m
2026-06-29T04:35:41.1974274Z [90mstderr[2m | src/features/checkin/__tests__/MorningCheckInCard.window.test.tsx[2m > [22m[2mMorningCheckInCard — availability window[2m > [22m[2mhides past the configured window when no log exists yet
2026-06-29T04:35:41.1984400Z [22m[39mAn update to MorningCheckInCard inside a test was not wrapped in act(...).
2026-06-29T04:35:41.1986451Z 
2026-06-29T04:35:41.1989531Z When testing, code that causes React state updates should be wrapped into act(...):
2026-06-29T04:35:41.1990865Z  [32m✓[39m src/features/checkin/__tests__/MorningCheckInCard.window.test.tsx [2m([22m[2m2 tests[22m[2m)[22m[32m 43[2mms[22m[39m
2026-06-29T04:35:41.2005907Z 
2026-06-29T04:35:41.2018044Z act(() => {
2026-06-29T04:35:41.2018469Z   /* fire events that update state */
2026-06-29T04:35:41.2018888Z });
2026-06-29T04:35:41.2019263Z /* assert on the output */
2026-06-29T04:35:41.2019556Z 
2026-06-29T04:35:41.2020336Z This ensures that you're testing the behavior the user would see in the browser. Learn more at https://react.dev/link/wrap-tests-with-act
2026-06-29T04:35:41.2021363Z An update to MorningCheckInCard inside a test was not wrapped in act(...).
2026-06-29T04:35:41.2021845Z 
2026-06-29T04:35:41.2022354Z When testing, code that causes React state updates should be wrapped into act(...):
2026-06-29T04:35:41.2022861Z 
2026-06-29T04:35:41.2023048Z act(() => {
2026-06-29T04:35:41.2023424Z   /* fire events that update state */
2026-06-29T04:35:41.2023831Z });
2026-06-29T04:35:41.2024177Z /* assert on the output */
2026-06-29T04:35:41.2024448Z 
2026-06-29T04:35:41.2025247Z This ensures that you're testing the behavior the user would see in the browser. Learn more at https://react.dev/link/wrap-tests-with-act
2026-06-29T04:35:41.2026633Z An update to MorningCheckInCard inside a test was not wrapped in act(...).
2026-06-29T04:35:41.2027097Z 
2026-06-29T04:35:41.2027597Z When testing, code that causes React state updates should be wrapped into act(...):
2026-06-29T04:35:41.2028102Z 
2026-06-29T04:35:41.2028279Z act(() => {
2026-06-29T04:35:41.2028663Z   /* fire events that update state */
2026-06-29T04:35:41.2029086Z });
2026-06-29T04:35:41.2029432Z /* assert on the output */
2026-06-29T04:35:41.2029695Z 
2026-06-29T04:35:41.2030538Z This ensures that you're testing the behavior the user would see in the browser. Learn more at https://react.dev/link/wrap-tests-with-act
2026-06-29T04:35:41.2031341Z 
2026-06-29T04:35:41.8290621Z  [32m✓[39m src/stores/__tests__/dailyEssentialSlotCompletionsStore.test.ts [2m([22m[2m3 tests[22m[2m)[22m[32m 7[2mms[22m[39m
2026-06-29T04:35:41.8561639Z  [32m✓[39m src/features/medication/__tests__/MedicationTierPicker.test.tsx [2m([22m[2m4 tests[22m[2m)[22m[32m 218[2mms[22m[39m
2026-06-29T04:35:42.3407582Z  [32m✓[39m src/routes/__tests__/RestorePendingGate.test.tsx [2m([22m[2m3 tests[22m[2m)[22m[32m 36[2mms[22m[39m
2026-06-29T04:35:42.8036250Z  [32m✓[39m src/stores/__tests__/medicationSlotOverridesStore.test.ts [2m([22m[2m3 tests[22m[2m)[22m[32m 5[2mms[22m[39m
2026-06-29T04:35:42.8416623Z  [32m✓[39m src/features/tags/__tests__/tagSortHelpers.test.ts [2m([22m[2m8 tests[22m[2m)[22m[32m 17[2mms[22m[39m
2026-06-29T04:35:43.9217523Z  [32m✓[39m src/stores/__tests__/medicationSlotsExtStore.test.ts [2m([22m[2m3 tests[22m[2m)[22m[32m 12[2mms[22m[39m
2026-06-29T04:35:44.1417631Z  [32m✓[39m src/components/shared/__tests__/TagChip.test.tsx [2m([22m[2m5 tests[22m[2m)[22m[32m 182[2mms[22m[39m
2026-06-29T04:35:45.0329697Z  [32m✓[39m src/features/checkin/__tests__/MorningCheckInCard.error185.test.tsx [2m([22m[2m1 test[22m[2m)[22m[32m 52[2mms[22m[39m
2026-06-29T04:35:45.1904828Z  [32m✓[39m src/lib/__tests__/builtInSyncPreferences.test.ts [2m([22m[2m5 tests[22m[2m)[22m[32m 22[2mms[22m[39m
2026-06-29T04:35:45.9299541Z  [32m✓[39m src/api/firestore/__tests__/converters.test.ts [2m([22m[2m3 tests[22m[2m)[22m[32m 5[2mms[22m[39m
2026-06-29T04:35:46.0887927Z  [32m✓[39m src/api/__tests__/nlpBatch.test.ts [2m([22m[2m1 test[22m[2m)[22m[32m 5[2mms[22m[39m
2026-06-29T04:35:46.1804156Z  [32m✓[39m src/api/__tests__/eisenhowerClassifyText.test.ts [2m([22m[2m2 tests[22m[2m)[22m[32m 6[2mms[22m[39m
2026-06-29T04:35:46.7006581Z  [32m✓[39m src/features/analytics/__tests__/analyticsErrors.test.ts [2m([22m[2m5 tests[22m[2m)[22m[32m 3[2mms[22m[39m
2026-06-29T04:35:46.7032609Z 
2026-06-29T04:35:46.7033291Z [31m⎯⎯⎯⎯⎯⎯⎯[39m[1m[41m Failed Tests 2 [49m[22m[31m⎯⎯⎯⎯⎯⎯⎯[39m
2026-06-29T04:35:46.7033651Z 
2026-06-29T04:35:46.7036367Z [41m[1m FAIL [22m[49m src/components/__tests__/ContributionGrid.test.tsx[2m > [22mContributionGrid[2m > [22mrenders 12 weeks of cells by default (7 rows × 12 columns)
2026-06-29T04:35:46.7040269Z [31m[1mAssertionError[22m: expected 78 to be greater than or equal to 79[39m
2026-06-29T04:35:46.7041324Z [36m [2m❯[22m src/components/__tests__/ContributionGrid.test.tsx:[2m36:26[22m[39m
2026-06-29T04:35:46.7066405Z     [90m 34|[39m     [90m// count is ≤ 84 and ≥ 79 (12 weeks − up to 5 future days).[39m
2026-06-29T04:35:46.7067510Z     [90m 35|[39m     [34mexpect[39m(cells[33m.[39mlength)[33m.[39m[34mtoBeLessThanOrEqual[39m([34m84[39m)[33m;[39m
2026-06-29T04:35:46.7068741Z     [90m 36|[39m     [34mexpect[39m(cells[33m.[39mlength)[33m.[39m[34mtoBeGreaterThanOrEqual[39m([34m79[39m)[33m;[39m
2026-06-29T04:35:46.7069559Z     [90m   |[39m                          [31m^[39m
2026-06-29T04:35:46.7070019Z     [90m 37|[39m   })[33m;[39m
2026-06-29T04:35:46.7070372Z     [90m 38|[39m
2026-06-29T04:35:46.7070538Z 
2026-06-29T04:35:46.7070845Z [31m[2m⎯⎯⎯⎯⎯⎯⎯⎯⎯⎯⎯⎯⎯⎯⎯⎯⎯⎯⎯⎯⎯⎯⎯⎯[1/2]⎯[22m[39m
2026-06-29T04:35:46.7071126Z 
2026-06-29T04:35:46.7072026Z [41m[1m FAIL [22m[49m src/components/__tests__/ContributionGrid.test.tsx[2m > [22mContributionGrid[2m > [22mrespects a custom weeks count
2026-06-29T04:35:46.7073268Z [31m[1mAssertionError[22m: expected 22 to be greater than or equal to 23[39m
2026-06-29T04:35:46.7074183Z [36m [2m❯[22m src/components/__tests__/ContributionGrid.test.tsx:[2m81:26[22m[39m
2026-06-29T04:35:46.7075029Z     [90m 79|[39m     // 4 weeks = at most 28 days, at least 23 (4 × 7 minus future spac…
2026-06-29T04:35:46.7076272Z     [90m 80|[39m     [34mexpect[39m(cells[33m.[39mlength)[33m.[39m[34mtoBeLessThanOrEqual[39m([34m28[39m)[33m;[39m
2026-06-29T04:35:46.7077482Z     [90m 81|[39m     [34mexpect[39m(cells[33m.[39mlength)[33m.[39m[34mtoBeGreaterThanOrEqual[39m([34m23[39m)[33m;[39m
2026-06-29T04:35:46.7078297Z     [90m   |[39m                          [31m^[39m
2026-06-29T04:35:46.7078704Z     [90m 82|[39m   })[33m;[39m
2026-06-29T04:35:46.7079038Z     [90m 83|[39m })[33m;[39m
2026-06-29T04:35:46.7079220Z 
2026-06-29T04:35:46.7079480Z [31m[2m⎯⎯⎯⎯⎯⎯⎯⎯⎯⎯⎯⎯⎯⎯⎯⎯⎯⎯⎯⎯⎯⎯⎯⎯[2/2]⎯[22m[39m
2026-06-29T04:35:46.7079743Z 
2026-06-29T04:35:46.7079768Z 
2026-06-29T04:35:46.7080297Z [2m Test Files [22m [1m[31m1 failed[39m[22m[2m | [22m[1m[32m56 passed[39m[22m[90m (57)[39m
2026-06-29T04:35:46.7082033Z [2m      Tests [22m [1m[31m2 failed[39m[22m[2m | [22m[1m[32m476 passed[39m[22m[90m (478)[39m
2026-06-29T04:35:46.7082715Z [2m   Start at [22m 04:35:18
2026-06-29T04:35:46.7084024Z [2m   Duration [22m 28.36s[2m (transform 1.97s, setup 5.25s, import 22.57s, tests 3.84s, environment 43.67s)[22m
2026-06-29T04:35:46.7085403Z 
2026-06-29T04:35:46.7096775Z 
2026-06-29T04:35:46.7123219Z ##[error]AssertionError: expected 78 to be greater than or equal to 79
 ❯ src/components/__tests__/ContributionGrid.test.tsx:36:26


2026-06-29T04:35:46.7131312Z 
2026-06-29T04:35:46.7132741Z ##[error]AssertionError: expected 22 to be greater than or equal to 23
 ❯ src/components/__tests__/ContributionGrid.test.tsx:81:26


2026-06-29T04:35:46.7715536Z ##[error]Process completed with exit code 1.
2026-06-29T04:35:46.7833658Z Post job cleanup.
2026-06-29T04:35:46.7902743Z Post job cleanup.
2026-06-29T04:35:46.8589737Z [command]/usr/bin/git version
2026-06-29T04:35:46.8622998Z git version 2.54.0
2026-06-29T04:35:46.8652779Z Temporarily overriding HOME='/home/runner/work/_temp/ab3e9071-bc4b-466e-9f11-0f8c75c47c2d' before making global git config changes
2026-06-29T04:35:46.8653933Z Adding repository directory to the temporary git global config as a safe directory
2026-06-29T04:35:46.8657326Z [command]/usr/bin/git config --global --add safe.directory /home/runner/work/prismTask/prismTask
2026-06-29T04:35:46.8798124Z Removing SSH command configuration
2026-06-29T04:35:46.8802992Z [command]/usr/bin/git config --local --name-only --get-regexp core\.sshCommand
2026-06-29T04:35:46.8832821Z [command]/usr/bin/git submodule foreach --recursive sh -c "git config --local --name-only --get-regexp 'core\.sshCommand' && git config --local --unset-all 'core.sshCommand' || :"
2026-06-29T04:35:46.9051035Z Removing HTTP extra header
2026-06-29T04:35:46.9054608Z [command]/usr/bin/git config --local --name-only --get-regexp http\.https\:\/\/github\.com\/\.extraheader
2026-06-29T04:35:46.9082039Z [command]/usr/bin/git submodule foreach --recursive sh -c "git config --local --name-only --get-regexp 'http\.https\:\/\/github\.com\/\.extraheader' && git config --local --unset-all 'http.https://github.com/.extraheader' || :"
2026-06-29T04:35:46.9259794Z Removing includeIf entries pointing to credentials config files
2026-06-29T04:35:46.9264740Z [command]/usr/bin/git config --local --name-only --get-regexp ^includeIf\.gitdir:
2026-06-29T04:35:46.9284197Z includeif.gitdir:/home/runner/work/prismTask/prismTask/.git.path
2026-06-29T04:35:46.9284958Z includeif.gitdir:/home/runner/work/prismTask/prismTask/.git/worktrees/*.path
2026-06-29T04:35:46.9285732Z includeif.gitdir:/github/workspace/.git.path
2026-06-29T04:35:46.9286275Z includeif.gitdir:/github/workspace/.git/worktrees/*.path
2026-06-29T04:35:46.9291476Z [command]/usr/bin/git config --local --get-all includeif.gitdir:/home/runner/work/prismTask/prismTask/.git.path
2026-06-29T04:35:46.9309852Z /home/runner/work/_temp/git-credentials-cac1110d-edb8-4f58-a3dc-f6793093bd15.config
2026-06-29T04:35:46.9319188Z [command]/usr/bin/git config --local --unset includeif.gitdir:/home/runner/work/prismTask/prismTask/.git.path /home/runner/work/_temp/git-credentials-cac1110d-edb8-4f58-a3dc-f6793093bd15.config
2026-06-29T04:35:46.9355223Z [command]/usr/bin/git config --local --get-all includeif.gitdir:/home/runner/work/prismTask/prismTask/.git/worktrees/*.path
2026-06-29T04:35:46.9373008Z /home/runner/work/_temp/git-credentials-cac1110d-edb8-4f58-a3dc-f6793093bd15.config
2026-06-29T04:35:46.9380120Z [command]/usr/bin/git config --local --unset includeif.gitdir:/home/runner/work/prismTask/prismTask/.git/worktrees/*.path /home/runner/work/_temp/git-credentials-cac1110d-edb8-4f58-a3dc-f6793093bd15.config
2026-06-29T04:35:46.9503450Z [command]/usr/bin/git config --local --get-all includeif.gitdir:/github/workspace/.git.path
2026-06-29T04:35:46.9521487Z /github/runner_temp/git-credentials-cac1110d-edb8-4f58-a3dc-f6793093bd15.config
2026-06-29T04:35:46.9527315Z [command]/usr/bin/git config --local --unset includeif.gitdir:/github/workspace/.git.path /github/runner_temp/git-credentials-cac1110d-edb8-4f58-a3dc-f6793093bd15.config
2026-06-29T04:35:46.9659563Z [command]/usr/bin/git config --local --get-all includeif.gitdir:/github/workspace/.git/worktrees/*.path
2026-06-29T04:35:46.9677515Z /github/runner_temp/git-credentials-cac1110d-edb8-4f58-a3dc-f6793093bd15.config
2026-06-29T04:35:46.9684536Z [command]/usr/bin/git config --local --unset includeif.gitdir:/github/workspace/.git/worktrees/*.path /github/runner_temp/git-credentials-cac1110d-edb8-4f58-a3dc-f6793093bd15.config
2026-06-29T04:35:46.9861152Z [command]/usr/bin/git submodule foreach --recursive git config --local --show-origin --name-only --get-regexp remote.origin.url
2026-06-29T04:35:47.0044445Z Removing credentials config '/home/runner/work/_temp/git-credentials-cac1110d-edb8-4f58-a3dc-f6793093bd15.config'
2026-06-29T04:35:47.0181031Z Cleaning up orphan processes
2026-06-29T04:35:47.0409046Z ##[warning]Node.js 20 is deprecated. The following actions target Node.js 20 but are being forced to run on Node.js 24: actions/setup-node@v4. For more information see: https://github.blog/changelog/2025-09-19-deprecation-of-node-20-on-github-actions-runners/


--- Job: web-unit-tests (1, 3) (id 83977578215) ---
2026-06-29T04:35:04.9671336Z Current runner version: '2.335.1'
2026-06-29T04:35:04.9700013Z ##[group]Runner Image Provisioner
2026-06-29T04:35:04.9701030Z Hosted Compute Agent
2026-06-29T04:35:04.9701645Z Version: 20260611.554
2026-06-29T04:35:04.9702312Z Commit: 5e0782fdc9014723d3be820dd114dd31555c2bd1
2026-06-29T04:35:04.9703103Z Build Date: 2026-06-11T21:40:46Z
2026-06-29T04:35:04.9703785Z Worker ID: {2a807a90-bec0-4b3f-8a90-d2df708b81d5}
2026-06-29T04:35:04.9704560Z Azure Region: northcentralus
2026-06-29T04:35:04.9705512Z ##[endgroup]
2026-06-29T04:35:04.9707106Z ##[group]Operating System
2026-06-29T04:35:04.9707900Z Ubuntu
2026-06-29T04:35:04.9708419Z 24.04.4
2026-06-29T04:35:04.9708953Z LTS
2026-06-29T04:35:04.9709478Z ##[endgroup]
2026-06-29T04:35:04.9710044Z ##[group]Runner Image
2026-06-29T04:35:04.9710725Z Image: ubuntu-24.04
2026-06-29T04:35:04.9711283Z Version: 20260622.220.1
2026-06-29T04:35:04.9712687Z Included Software: https://github.com/actions/runner-images/blob/ubuntu24/20260622.220/images/ubuntu/Ubuntu2404-Readme.md
2026-06-29T04:35:04.9714224Z Image Release: https://github.com/actions/runner-images/releases/tag/ubuntu24%2F20260622.220
2026-06-29T04:35:04.9715698Z ##[endgroup]
2026-06-29T04:35:04.9717163Z ##[group]GITHUB_TOKEN Permissions
2026-06-29T04:35:04.9719264Z Actions: read
2026-06-29T04:35:04.9719873Z Checks: read
2026-06-29T04:35:04.9720534Z Contents: write
2026-06-29T04:35:04.9721113Z Metadata: read
2026-06-29T04:35:04.9721671Z PullRequests: read
2026-06-29T04:35:04.9722299Z ##[endgroup]
2026-06-29T04:35:04.9724486Z Secret source: Dependabot
2026-06-29T04:35:04.9725629Z Prepare workflow directory
2026-06-29T04:35:05.0158844Z Prepare all required actions
2026-06-29T04:35:05.0198007Z Getting action download info
2026-06-29T04:35:05.2458517Z Download action repository 'actions/checkout@v6' (SHA:df4cb1c069e1874edd31b4311f1884172cec0e10)
2026-06-29T04:35:05.4433008Z Complete job name: web-unit-tests (1, 3)
2026-06-29T04:35:05.5149552Z ##[group]Run actions/checkout@v6
2026-06-29T04:35:05.5150525Z with:
2026-06-29T04:35:05.5151116Z   repository: akarlin3/prismTask
2026-06-29T04:35:05.5155689Z   token: ***
2026-06-29T04:35:05.5156134Z   ssh-strict: true
2026-06-29T04:35:05.5156579Z   ssh-user: git
2026-06-29T04:35:05.5157026Z   persist-credentials: true
2026-06-29T04:35:05.5157520Z   clean: true
2026-06-29T04:35:05.5157960Z   sparse-checkout-cone-mode: true
2026-06-29T04:35:05.5158484Z   fetch-depth: 1
2026-06-29T04:35:05.5158910Z   fetch-tags: false
2026-06-29T04:35:05.5159349Z   show-progress: true
2026-06-29T04:35:05.5159790Z   lfs: false
2026-06-29T04:35:05.5160230Z   submodules: false
2026-06-29T04:35:05.5160709Z   set-safe-directory: true
2026-06-29T04:35:05.5161487Z ##[endgroup]
2026-06-29T04:35:05.6186489Z Syncing repository: akarlin3/prismTask
2026-06-29T04:35:05.6188790Z ##[group]Getting Git version info
2026-06-29T04:35:05.6189774Z Working directory is '/home/runner/work/prismTask/prismTask'
2026-06-29T04:35:05.6190960Z [command]/usr/bin/git version
2026-06-29T04:35:05.6258010Z git version 2.54.0
2026-06-29T04:35:05.6317827Z ##[endgroup]
2026-06-29T04:35:05.6334803Z Temporarily overriding HOME='/home/runner/work/_temp/0e6e97a8-f072-4890-a1c2-5e02e444366b' before making global git config changes
2026-06-29T04:35:05.6337650Z Adding repository directory to the temporary git global config as a safe directory
2026-06-29T04:35:05.6342014Z [command]/usr/bin/git config --global --add safe.directory /home/runner/work/prismTask/prismTask
2026-06-29T04:35:05.6392744Z Deleting the contents of '/home/runner/work/prismTask/prismTask'
2026-06-29T04:35:05.6397613Z ##[group]Determining repository object format
2026-06-29T04:35:05.6400227Z ##[endgroup]
2026-06-29T04:35:05.6401454Z ##[group]Initializing the repository
2026-06-29T04:35:05.6406493Z [command]/usr/bin/git init /home/runner/work/prismTask/prismTask
2026-06-29T04:35:05.6514471Z hint: Using 'master' as the name for the initial branch. This default branch name
2026-06-29T04:35:05.6516172Z hint: will change to "main" in Git 3.0. To configure the initial branch name
2026-06-29T04:35:05.6518505Z hint: to use in all of your new repositories, which will suppress this warning,
2026-06-29T04:35:05.6519781Z hint: call:
2026-06-29T04:35:05.6520546Z hint:
2026-06-29T04:35:05.6521490Z hint: 	git config --global init.defaultBranch <name>
2026-06-29T04:35:05.6522644Z hint:
2026-06-29T04:35:05.6523706Z hint: Names commonly chosen instead of 'master' are 'main', 'trunk' and
2026-06-29T04:35:05.6525652Z hint: 'development'. The just-created branch can be renamed via this command:
2026-06-29T04:35:05.6526974Z hint:
2026-06-29T04:35:05.6527696Z hint: 	git branch -m <name>
2026-06-29T04:35:05.6528511Z hint:
2026-06-29T04:35:05.6529574Z hint: Disable this message with "git config set advice.defaultBranchName false"
2026-06-29T04:35:05.6531409Z Initialized empty Git repository in /home/runner/work/prismTask/prismTask/.git/
2026-06-29T04:35:05.6534609Z [command]/usr/bin/git remote add origin https://github.com/akarlin3/prismTask
2026-06-29T04:35:05.6579597Z ##[endgroup]
2026-06-29T04:35:05.6580935Z ##[group]Disabling automatic garbage collection
2026-06-29T04:35:05.6584819Z [command]/usr/bin/git config --local gc.auto 0
2026-06-29T04:35:05.6618031Z ##[endgroup]
2026-06-29T04:35:05.6619873Z ##[group]Setting up auth
2026-06-29T04:35:05.6621375Z Removing SSH command configuration
2026-06-29T04:35:05.6626536Z [command]/usr/bin/git config --local --name-only --get-regexp core\.sshCommand
2026-06-29T04:35:05.6662870Z [command]/usr/bin/git submodule foreach --recursive sh -c "git config --local --name-only --get-regexp 'core\.sshCommand' && git config --local --unset-all 'core.sshCommand' || :"
2026-06-29T04:35:05.7043144Z Removing HTTP extra header
2026-06-29T04:35:05.7049412Z [command]/usr/bin/git config --local --name-only --get-regexp http\.https\:\/\/github\.com\/\.extraheader
2026-06-29T04:35:05.7083366Z [command]/usr/bin/git submodule foreach --recursive sh -c "git config --local --name-only --get-regexp 'http\.https\:\/\/github\.com\/\.extraheader' && git config --local --unset-all 'http.https://github.com/.extraheader' || :"
2026-06-29T04:35:05.7307165Z Removing includeIf entries pointing to credentials config files
2026-06-29T04:35:05.7313414Z [command]/usr/bin/git config --local --name-only --get-regexp ^includeIf\.gitdir:
2026-06-29T04:35:05.7348168Z [command]/usr/bin/git submodule foreach --recursive git config --local --show-origin --name-only --get-regexp remote.origin.url
2026-06-29T04:35:05.7578638Z [command]/usr/bin/git config --file /home/runner/work/_temp/git-credentials-9d764647-19b8-4611-afee-7fcbd73c9dde.config http.https://github.com/.extraheader AUTHORIZATION: basic ***
2026-06-29T04:35:05.7617718Z [command]/usr/bin/git config --local includeIf.gitdir:/home/runner/work/prismTask/prismTask/.git.path /home/runner/work/_temp/git-credentials-9d764647-19b8-4611-afee-7fcbd73c9dde.config
2026-06-29T04:35:05.7649329Z [command]/usr/bin/git config --local includeIf.gitdir:/home/runner/work/prismTask/prismTask/.git/worktrees/*.path /home/runner/work/_temp/git-credentials-9d764647-19b8-4611-afee-7fcbd73c9dde.config
2026-06-29T04:35:05.7685836Z [command]/usr/bin/git config --local includeIf.gitdir:/github/workspace/.git.path /github/runner_temp/git-credentials-9d764647-19b8-4611-afee-7fcbd73c9dde.config
2026-06-29T04:35:05.7726930Z [command]/usr/bin/git config --local includeIf.gitdir:/github/workspace/.git/worktrees/*.path /github/runner_temp/git-credentials-9d764647-19b8-4611-afee-7fcbd73c9dde.config
2026-06-29T04:35:05.7756826Z ##[endgroup]
2026-06-29T04:35:05.7757633Z ##[group]Fetching the repository
2026-06-29T04:35:05.7766160Z [command]/usr/bin/git -c protocol.version=2 fetch --no-tags --prune --no-recurse-submodules --depth=1 origin +cb856b6dba832c36d6e146082eb11cfab749b937:refs/remotes/pull/1836/merge
2026-06-29T04:35:07.4908929Z From https://github.com/akarlin3/prismTask
2026-06-29T04:35:07.4911606Z  * [new ref]         cb856b6dba832c36d6e146082eb11cfab749b937 -> pull/1836/merge
2026-06-29T04:35:07.4950503Z ##[endgroup]
2026-06-29T04:35:07.4952674Z ##[group]Determining the checkout info
2026-06-29T04:35:07.4955648Z ##[endgroup]
2026-06-29T04:35:07.4958428Z [command]/usr/bin/git sparse-checkout disable
2026-06-29T04:35:07.5006550Z [command]/usr/bin/git config --local --unset-all extensions.worktreeConfig
2026-06-29T04:35:07.5041705Z ##[group]Checking out the ref
2026-06-29T04:35:07.5043133Z [command]/usr/bin/git checkout --progress --force refs/remotes/pull/1836/merge
2026-06-29T04:35:07.8145002Z Note: switching to 'refs/remotes/pull/1836/merge'.
2026-06-29T04:35:07.8147432Z 
2026-06-29T04:35:07.8148408Z You are in 'detached HEAD' state. You can look around, make experimental
2026-06-29T04:35:07.8149602Z changes and commit them, and you can discard any commits you make in this
2026-06-29T04:35:07.8150436Z state without impacting any branches by switching back to a branch.
2026-06-29T04:35:07.8150870Z 
2026-06-29T04:35:07.8151252Z If you want to create a new branch to retain commits you create, you may
2026-06-29T04:35:07.8151948Z do so (now or later) by using -c with the switch command. Example:
2026-06-29T04:35:07.8152353Z 
2026-06-29T04:35:07.8152529Z   git switch -c <new-branch-name>
2026-06-29T04:35:07.8152800Z 
2026-06-29T04:35:07.8152985Z Or undo this operation with:
2026-06-29T04:35:07.8153268Z 
2026-06-29T04:35:07.8153446Z   git switch -
2026-06-29T04:35:07.8153689Z 
2026-06-29T04:35:07.8154022Z Turn off this advice by setting config variable advice.detachedHead to false
2026-06-29T04:35:07.8154424Z 
2026-06-29T04:35:07.8154881Z HEAD is now at cb856b6 Merge 96db8387d86d444ad463b87273506b55c8f84f26 into 1b6a080d35081309850e9e360959b556d08e6899
2026-06-29T04:35:07.8171166Z ##[endgroup]
2026-06-29T04:35:07.8214223Z [command]/usr/bin/git log -1 --format=%H
2026-06-29T04:35:07.8239010Z cb856b6dba832c36d6e146082eb11cfab749b937
2026-06-29T04:35:07.8544933Z Prepare all required actions
2026-06-29T04:35:07.8545902Z Getting action download info
2026-06-29T04:35:07.9366857Z Download action repository 'actions/setup-node@v4' (SHA:49933ea5288caeca8642d1e84afbd3f7d6820020)
2026-06-29T04:35:08.0464828Z ##[group]Run ./.github/actions/setup-node-web
2026-06-29T04:35:08.0465566Z ##[endgroup]
2026-06-29T04:35:08.0613075Z Node 20 is being deprecated. This workflow is running with Node 24 by default. If you need to temporarily use Node 20, you can set the ACTIONS_ALLOW_USE_UNSECURE_NODE_VERSION=true environment variable. For more information see: https://github.blog/changelog/2025-09-19-deprecation-of-node-20-on-github-actions-runners/
2026-06-29T04:35:08.0615495Z ##[group]Run actions/setup-node@v4
2026-06-29T04:35:08.0615914Z with:
2026-06-29T04:35:08.0616158Z   node-version: 22
2026-06-29T04:35:08.0616412Z   cache: npm
2026-06-29T04:35:08.0616698Z   cache-dependency-path: web/package-lock.json
2026-06-29T04:35:08.0617051Z   always-auth: false
2026-06-29T04:35:08.0617402Z   check-latest: false
2026-06-29T04:35:08.0620346Z   token: ***
2026-06-29T04:35:08.0620595Z ##[endgroup]
2026-06-29T04:35:08.2121777Z Found in cache @ /opt/hostedtoolcache/node/22.23.0/x64
2026-06-29T04:35:08.2126391Z (node:2463) [DEP0040] DeprecationWarning: The `punycode` module is deprecated. Please use a userland alternative instead.
2026-06-29T04:35:08.2127902Z (Use `node --trace-deprecation ...` to show where the warning was created)
2026-06-29T04:35:08.2130028Z ##[group]Environment details
2026-06-29T04:35:08.6298781Z node: v22.23.0
2026-06-29T04:35:08.6299648Z npm: 10.9.8
2026-06-29T04:35:08.6300189Z yarn: 1.22.22
2026-06-29T04:35:08.6301419Z ##[endgroup]
2026-06-29T04:35:08.6328591Z [command]/opt/hostedtoolcache/node/22.23.0/x64/bin/npm config get cache
2026-06-29T04:35:08.7533339Z /home/runner/.npm
2026-06-29T04:35:08.8682512Z npm cache is not found
2026-06-29T04:35:08.8836042Z ##[group]Run npm ci
2026-06-29T04:35:08.8836384Z [36;1mnpm ci[0m
2026-06-29T04:35:08.9436016Z shell: /usr/bin/bash --noprofile --norc -e -o pipefail {0}
2026-06-29T04:35:08.9436639Z ##[endgroup]
2026-06-29T04:35:22.1624758Z 
2026-06-29T04:35:22.1634456Z added 443 packages, and audited 444 packages in 13s
2026-06-29T04:35:22.1636116Z 
2026-06-29T04:35:22.1636843Z 94 packages are looking for funding
2026-06-29T04:35:22.1637981Z   run `npm fund` for details
2026-06-29T04:35:22.1783101Z 
2026-06-29T04:35:22.1784091Z 6 vulnerabilities (1 low, 2 moderate, 3 high)
2026-06-29T04:35:22.1784815Z 
2026-06-29T04:35:22.1785555Z To address all issues, run:
2026-06-29T04:35:22.1786110Z   npm audit fix
2026-06-29T04:35:22.1786342Z 
2026-06-29T04:35:22.1786576Z Run `npm audit` for details.
2026-06-29T04:35:22.2508301Z ##[group]Run npm run test:run -- --shard=1/3
2026-06-29T04:35:22.2508745Z [36;1mnpm run test:run -- --shard=1/3[0m
2026-06-29T04:35:22.2541038Z shell: /usr/bin/bash -e {0}
2026-06-29T04:35:22.2541340Z ##[endgroup]
2026-06-29T04:35:22.3625563Z 
2026-06-29T04:35:22.3626778Z > web@2.0.0 test:run
2026-06-29T04:35:22.3627582Z > vitest run --pool=threads --shard=1/3
2026-06-29T04:35:22.3628008Z 
2026-06-29T04:35:22.7100732Z 
2026-06-29T04:35:22.7105833Z [1m[30m[46m RUN [49m[39m[22m [36mv4.1.7 [39m[90m/home/runner/work/prismTask/prismTask/web[39m
2026-06-29T04:35:22.7107001Z 
2026-06-29T04:35:25.9319586Z  [32m✓[39m src/api/firestore/__tests__/tasks.test.ts [2m([22m[2m27 tests[22m[2m)[22m[32m 19[2mms[22m[39m
2026-06-29T04:35:26.1852644Z  [32m✓[39m src/stores/__tests__/batchStore.test.ts [2m([22m[2m12 tests[22m[2m)[22m[32m 45[2mms[22m[39m
2026-06-29T04:35:26.4771285Z  [32m✓[39m src/stores/__tests__/habitStore.bookable.test.ts [2m([22m[2m17 tests[22m[2m)[22m[32m 31[2mms[22m[39m
2026-06-29T04:35:27.6767545Z  [32m✓[39m src/api/firestore/__tests__/taskCompletions.test.ts [2m([22m[2m13 tests[22m[2m)[22m[32m 17[2mms[22m[39m
2026-06-29T04:35:28.7637804Z  [32m✓[39m src/features/settings/sections/__tests__/AdvancedTuningSection.test.tsx [2m([22m[2m9 tests[22m[2m)[22m[33m 423[2mms[22m[39m
2026-06-29T04:35:28.8821962Z  [32m✓[39m src/utils/__tests__/streaks.modeAware.test.ts [2m([22m[2m15 tests[22m[2m)[22m[32m 60[2mms[22m[39m
2026-06-29T04:35:30.1070201Z  [32m✓[39m src/stores/__tests__/settingsStore.startOfDayHour.test.ts [2m([22m[2m9 tests[22m[2m)[22m[32m 23[2mms[22m[39m
2026-06-29T04:35:30.2867887Z  [32m✓[39m src/stores/__tests__/restDayStore.test.ts [2m([22m[2m10 tests[22m[2m)[22m[32m 18[2mms[22m[39m
2026-06-29T04:35:31.5067705Z  [32m✓[39m src/theme/__tests__/prismTheme.test.ts [2m([22m[2m21 tests[22m[2m)[22m[32m 56[2mms[22m[39m
2026-06-29T04:35:31.7347113Z  [32m✓[39m src/features/batch/__tests__/batchApplier.habit.test.ts [2m([22m[2m6 tests[22m[2m)[22m[32m 9[2mms[22m[39m
2026-06-29T04:35:31.8236551Z  [32m✓[39m src/features/today/__tests__/DoneCounterSheet.test.tsx [2m([22m[2m5 tests[22m[2m)[22m[33m 728[2mms[22m[39m
2026-06-29T04:35:31.8267874Z      [33m[2m✓[22m[39m non-recurring task: row Undo button calls uncompleteTask directly (no dialog) [33m 355[2mms[22m[39m
2026-06-29T04:35:34.3147674Z  [32m✓[39m src/features/today/__tests__/PlanForTodaySheet.bucket.test.ts [2m([22m[2m13 tests[22m[2m)[22m[32m 15[2mms[22m[39m
2026-06-29T04:35:34.8041022Z  [32m✓[39m src/features/medication/__tests__/clinicalReport.test.ts [2m([22m[2m7 tests[22m[2m)[22m[32m 11[2mms[22m[39m
2026-06-29T04:35:35.3443905Z  [32m✓[39m src/features/habits/__tests__/HabitListScreen.test.tsx [2m([22m[2m4 tests[22m[2m)[22m[32m 159[2mms[22m[39m
2026-06-29T04:35:35.6798087Z  [32m✓[39m src/lib/notifications/__tests__/escalationChain.test.ts [2m([22m[2m13 tests[22m[2m)[22m[32m 13[2mms[22m[39m
2026-06-29T04:35:36.3086731Z  [32m✓[39m src/api/firestore/__tests__/externalAnchors.test.ts [2m([22m[2m10 tests[22m[2m)[22m[32m 9[2mms[22m[39m
2026-06-29T04:35:36.7553358Z  [32m✓[39m src/components/AnalogClockPicker.test.tsx [2m([22m[2m22 tests[22m[2m)[22m[32m 12[2mms[22m[39m
2026-06-29T04:35:37.0045599Z  [32m✓[39m src/lib/__tests__/moodCorrelationEngine.test.ts [2m([22m[2m8 tests[22m[2m)[22m[32m 10[2mms[22m[39m
2026-06-29T04:35:37.9029391Z  [32m✓[39m src/stores/__tests__/settingsStore.aiFeatures.test.ts [2m([22m[2m8 tests[22m[2m)[22m[32m 18[2mms[22m[39m
2026-06-29T04:35:38.4002825Z  [32m✓[39m src/api/firestore/__tests__/taskBehaviorPreferences.test.ts [2m([22m[2m10 tests[22m[2m)[22m[32m 13[2mms[22m[39m
2026-06-29T04:35:39.2948231Z  [32m✓[39m src/api/firestore/__tests__/taskTimings.test.ts [2m([22m[2m7 tests[22m[2m)[22m[32m 14[2mms[22m[39m
2026-06-29T04:35:39.7978118Z  [32m✓[39m src/stores/__tests__/habitStore.medicationFilter.test.ts [2m([22m[2m3 tests[22m[2m)[22m[32m 13[2mms[22m[39m
2026-06-29T04:35:39.8871621Z  [32m✓[39m src/api/firestore/__tests__/boundaryRules.test.ts [2m([22m[2m4 tests[22m[2m)[22m[32m 10[2mms[22m[39m
2026-06-29T04:35:40.9573063Z  [32m✓[39m src/utils/__tests__/boundaryEnforcer.test.ts [2m([22m[2m10 tests[22m[2m)[22m[32m 11[2mms[22m[39m
2026-06-29T04:35:41.4015596Z  [32m✓[39m src/api/__tests__/medicationSlots.test.ts [2m([22m[2m3 tests[22m[2m)[22m[32m 13[2mms[22m[39m
2026-06-29T04:35:41.4087453Z  [32m✓[39m src/api/firestore/__tests__/aiPreferences.test.ts [2m([22m[2m10 tests[22m[2m)[22m[32m 14[2mms[22m[39m
2026-06-29T04:35:42.1680828Z  [32m✓[39m src/lib/__tests__/morningCheckInBanner.test.ts [2m([22m[2m10 tests[22m[2m)[22m[32m 6[2mms[22m[39m
2026-06-29T04:35:42.8179992Z  [32m✓[39m src/utils/__tests__/energyAwarePomodoro.test.ts [2m([22m[2m11 tests[22m[2m)[22m[32m 10[2mms[22m[39m
2026-06-29T04:35:42.8607712Z  [32m✓[39m src/features/batch/__tests__/medicationNameMatcher.test.ts [2m([22m[2m14 tests[22m[2m)[22m[32m 9[2mms[22m[39m
2026-06-29T04:35:43.5597629Z  [32m✓[39m src/features/medication/__tests__/virtualSlots.test.ts [2m([22m[2m7 tests[22m[2m)[22m[32m 15[2mms[22m[39m
2026-06-29T04:35:44.2571572Z  [32m✓[39m src/stores/__tests__/onboardingStore.test.ts [2m([22m[2m6 tests[22m[2m)[22m[32m 12[2mms[22m[39m
2026-06-29T04:35:44.2772682Z  [32m✓[39m src/utils/__tests__/cognitiveLoadClassifier.test.ts [2m([22m[2m12 tests[22m[2m)[22m[32m 11[2mms[22m[39m
2026-06-29T04:35:45.6217409Z  [32m✓[39m src/utils/__tests__/moodCorrelation.test.ts [2m([22m[2m8 tests[22m[2m)[22m[32m 7[2mms[22m[39m
2026-06-29T04:35:45.7181221Z  [32m✓[39m src/utils/__tests__/shipItCelebrationManager.test.ts [2m([22m[2m8 tests[22m[2m)[22m[32m 6[2mms[22m[39m
2026-06-29T04:35:46.3547323Z  [32m✓[39m src/utils/__tests__/habitPeriod.test.ts [2m([22m[2m7 tests[22m[2m)[22m[32m 13[2mms[22m[39m
2026-06-29T04:35:46.9724741Z  [32m✓[39m src/utils/__tests__/moodAnalytics.test.ts [2m([22m[2m6 tests[22m[2m)[22m[32m 11[2mms[22m[39m
2026-06-29T04:35:47.1308651Z  [32m✓[39m src/api/firestore/__tests__/taskDependencies.test.ts [2m([22m[2m4 tests[22m[2m)[22m[32m 7[2mms[22m[39m
2026-06-29T04:35:48.3923846Z  [32m✓[39m src/utils/__tests__/useLogicalToday.test.ts [2m([22m[2m4 tests[22m[2m)[22m[32m 29[2mms[22m[39m
2026-06-29T04:35:48.5177695Z  [32m✓[39m src/features/checkin/__tests__/MorningCheckInStepper.test.ts [2m([22m[2m3 tests[22m[2m)[22m[32m 6[2mms[22m[39m
2026-06-29T04:35:49.7822064Z  [32m✓[39m src/api/__tests__/authDeletion.test.ts [2m([22m[2m4 tests[22m[2m)[22m[32m 7[2mms[22m[39m
2026-06-29T04:35:49.8645461Z  [32m✓[39m src/stores/__tests__/medicationPreferencesStore.test.ts [2m([22m[2m4 tests[22m[2m)[22m[32m 7[2mms[22m[39m
2026-06-29T04:35:50.8679358Z  [32m✓[39m src/utils/__tests__/dependencyCycleGuard.test.ts [2m([22m[2m10 tests[22m[2m)[22m[32m 7[2mms[22m[39m
2026-06-29T04:35:50.9220458Z  [32m✓[39m src/utils/__tests__/lifeCategoryClassifier.test.ts [2m([22m[2m11 tests[22m[2m)[22m[32m 7[2mms[22m[39m
2026-06-29T04:35:51.5172048Z  [31m❯[39m src/hooks/__tests__/useCalendarTasks.test.ts [2m([22m[2m3 tests[22m[2m | [22m[31m2 failed[39m[2m)[22m[33m 2109[2mms[22m[39m
2026-06-29T04:35:51.5174266Z [31m     [31m×[31m places a dated task on its due-date cell[39m[33m 1076[2mms[22m[39m
2026-06-29T04:35:51.5207012Z      [32m✓[39m reads from Firestore (not the FastAPI endpoint)[32m 15[2mms[22m[39m
2026-06-29T04:35:51.5236815Z [31m     [31m×[31m omits completed and cancelled tasks[39m[33m 1013[2mms[22m[39m
2026-06-29T04:35:51.9677279Z  [32m✓[39m src/utils/__tests__/selfCareTiers.test.ts [2m([22m[2m9 tests[22m[2m)[22m[32m 9[2mms[22m[39m
2026-06-29T04:35:52.1459395Z  [32m✓[39m src/stores/__tests__/milestoneStore.test.ts [2m([22m[2m4 tests[22m[2m)[22m[32m 7[2mms[22m[39m
2026-06-29T04:35:53.0037510Z  [32m✓[39m src/stores/__tests__/sortPreferencesStore.test.ts [2m([22m[2m3 tests[22m[2m)[22m[32m 21[2mms[22m[39m
2026-06-29T04:35:53.4472564Z  [32m✓[39m src/stores/__tests__/medicationTierStatesStore.test.ts [2m([22m[2m3 tests[22m[2m)[22m[32m 10[2mms[22m[39m
2026-06-29T04:35:54.6973021Z  [32m✓[39m src/stores/__tests__/projectPhaseStore.test.ts [2m([22m[2m3 tests[22m[2m)[22m[32m 9[2mms[22m[39m
2026-06-29T04:35:54.9509854Z  [32m✓[39m src/components/shared/__tests__/PriorityBadge.test.tsx [2m([22m[2m4 tests[22m[2m)[22m[32m 276[2mms[22m[39m
2026-06-29T04:35:55.4244642Z  [32m✓[39m src/hooks/__tests__/useCalendarHabits.test.ts [2m([22m[2m5 tests[22m[2m)[22m[32m 10[2mms[22m[39m
2026-06-29T04:35:56.1609311Z  [32m✓[39m src/api/__tests__/briefingPlanner.test.ts [2m([22m[2m4 tests[22m[2m)[22m[32m 7[2mms[22m[39m
2026-06-29T04:35:56.8038903Z  [32m✓[39m src/utils/__tests__/selfCareNudgeEngine.test.ts [2m([22m[2m5 tests[22m[2m)[22m[32m 7[2mms[22m[39m
2026-06-29T04:35:57.4777530Z  [32m✓[39m src/utils/__tests__/projectFilters.test.ts [2m([22m[2m7 tests[22m[2m)[22m[32m 9[2mms[22m[39m
2026-06-29T04:35:57.7507717Z  [32m✓[39m src/utils/__tests__/checkInStreak.test.ts [2m([22m[2m5 tests[22m[2m)[22m[32m 9[2mms[22m[39m
2026-06-29T04:35:58.6117860Z  [32m✓[39m src/components/shared/__tests__/OfflineBanner.test.tsx [2m([22m[2m4 tests[22m[2m)[22m[32m 286[2mms[22m[39m
2026-06-29T04:35:58.9302942Z  [32m✓[39m src/features/medication/__tests__/MedicationTimeEditModal.test.ts [2m([22m[2m6 tests[22m[2m)[22m[32m 4[2mms[22m[39m
2026-06-29T04:35:59.0076040Z  [32m✓[39m src/api/__tests__/extract.test.ts [2m([22m[2m2 tests[22m[2m)[22m[32m 6[2mms[22m[39m
2026-06-29T04:35:59.0112504Z 
2026-06-29T04:35:59.0113418Z [31m⎯⎯⎯⎯⎯⎯⎯[39m[1m[41m Failed Tests 2 [49m[22m[31m⎯⎯⎯⎯⎯⎯⎯[39m
2026-06-29T04:35:59.0113936Z 
2026-06-29T04:35:59.0119289Z [41m[1m FAIL [22m[49m src/hooks/__tests__/useCalendarTasks.test.ts[2m > [22museCalendarTasks (B-05 reads Firestore, groups by due date)[2m > [22mplaces a dated task on its due-date cell
2026-06-29T04:35:59.0124959Z [31m[1mAssertionError[22m: expected [] to have a length of 1 but got +0
2026-06-29T04:35:59.0125808Z 
2026-06-29T04:35:59.0126323Z Ignored nodes: comments, script, style
2026-06-29T04:35:59.0127091Z [36m<html>[31m
2026-06-29T04:35:59.0127742Z   [36m<head />[31m
2026-06-29T04:35:59.0128334Z   [36m<body>[31m
2026-06-29T04:35:59.0128902Z     [36m<div />[31m
2026-06-29T04:35:59.0129512Z   [36m</body>[31m
2026-06-29T04:35:59.0130220Z [36m</html>[31m[39m
2026-06-29T04:35:59.0130615Z 
2026-06-29T04:35:59.0131090Z [32m- Expected[39m
2026-06-29T04:35:59.0131555Z [31m+ Received[39m
2026-06-29T04:35:59.0131793Z 
2026-06-29T04:35:59.0131999Z [32m- 1[39m
2026-06-29T04:35:59.0132361Z [31m+ 0[39m
2026-06-29T04:35:59.0132548Z 
2026-06-29T04:35:59.0133444Z [36m [2m❯[22m src/hooks/__tests__/useCalendarTasks.test.ts:[2m64:69[22m[39m
2026-06-29T04:35:59.0158988Z     [90m 62|[39m
2026-06-29T04:35:59.0159795Z     [90m 63|[39m     [35mawait[39m [34mwaitFor[39m(() [33m=>[39m
2026-06-29T04:35:59.0160990Z     [90m 64|[39m       expect(result.current.getTasksForDate(new Date(2026, 5, 15))).to…
2026-06-29T04:35:59.0162233Z     [90m   |[39m                                                                     [31m^[39m
2026-06-29T04:35:59.0162995Z     [90m 65|[39m     )[33m;[39m
2026-06-29T04:35:59.0164038Z     [90m 66|[39m     expect(result.current.getTasksForDate(new Date(2026, 5, 15))[0].id…
2026-06-29T04:35:59.0166831Z [90m [2m❯[22m runWithExpensiveErrorDiagnosticsDisabled node_modules/@testing-library/dom/dist/config.js:[2m47:12[22m[39m
2026-06-29T04:35:59.0168808Z [90m [2m❯[22m checkCallback node_modules/@testing-library/dom/dist/wait-for.js:[2m124:77[22m[39m
2026-06-29T04:35:59.0171063Z [90m [2m❯[22m Timeout.checkRealTimersCallback node_modules/@testing-library/dom/dist/wait-for.js:[2m118:16[22m[39m
2026-06-29T04:35:59.0171968Z 
2026-06-29T04:35:59.0172423Z [31m[2m⎯⎯⎯⎯⎯⎯⎯⎯⎯⎯⎯⎯⎯⎯⎯⎯⎯⎯⎯⎯⎯⎯⎯⎯[1/2]⎯[22m[39m
2026-06-29T04:35:59.0172801Z 
2026-06-29T04:35:59.0174479Z [41m[1m FAIL [22m[49m src/hooks/__tests__/useCalendarTasks.test.ts[2m > [22museCalendarTasks (B-05 reads Firestore, groups by due date)[2m > [22momits completed and cancelled tasks
2026-06-29T04:35:59.0176548Z [31m[1mAssertionError[22m: expected [] to have a length of 1 but got +0
2026-06-29T04:35:59.0177054Z 
2026-06-29T04:35:59.0177317Z Ignored nodes: comments, script, style
2026-06-29T04:35:59.0177813Z [36m<html>[31m
2026-06-29T04:35:59.0178227Z   [36m<head />[31m
2026-06-29T04:35:59.0178655Z   [36m<body>[31m
2026-06-29T04:35:59.0179063Z     [36m<div />[31m
2026-06-29T04:35:59.0179510Z   [36m</body>[31m
2026-06-29T04:35:59.0179988Z [36m</html>[31m[39m
2026-06-29T04:35:59.0180230Z 
2026-06-29T04:35:59.0180459Z [32m- Expected[39m
2026-06-29T04:35:59.0180934Z [31m+ Received[39m
2026-06-29T04:35:59.0181169Z 
2026-06-29T04:35:59.0181363Z [32m- 1[39m
2026-06-29T04:35:59.0181757Z [31m+ 0[39m
2026-06-29T04:35:59.0181963Z 
2026-06-29T04:35:59.0182662Z [36m [2m❯[22m src/hooks/__tests__/useCalendarTasks.test.ts:[2m88:69[22m[39m
2026-06-29T04:35:59.0183528Z     [90m 86|[39m     )[33m;[39m
2026-06-29T04:35:59.0184310Z     [90m 87|[39m     [35mawait[39m [34mwaitFor[39m(() [33m=>[39m
2026-06-29T04:35:59.0185527Z     [90m 88|[39m       expect(result.current.getTasksForDate(new Date(2026, 5, 10))).to…
2026-06-29T04:35:59.0186533Z     [90m   |[39m                                                                     [31m^[39m
2026-06-29T04:35:59.0187257Z     [90m 89|[39m     )[33m;[39m
2026-06-29T04:35:59.0188238Z     [90m 90|[39m     expect(result.current.getTasksForDate(new Date(2026, 5, 10))[0].id…
2026-06-29T04:35:59.0190119Z [90m [2m❯[22m runWithExpensiveErrorDiagnosticsDisabled node_modules/@testing-library/dom/dist/config.js:[2m47:12[22m[39m
2026-06-29T04:35:59.0191993Z [90m [2m❯[22m checkCallback node_modules/@testing-library/dom/dist/wait-for.js:[2m124:77[22m[39m
2026-06-29T04:35:59.0193829Z [90m [2m❯[22m Timeout.checkRealTimersCallback node_modules/@testing-library/dom/dist/wait-for.js:[2m118:16[22m[39m
2026-06-29T04:35:59.0194704Z 
2026-06-29T04:35:59.0195478Z [31m[2m⎯⎯⎯⎯⎯⎯⎯⎯⎯⎯⎯⎯⎯⎯⎯⎯⎯⎯⎯⎯⎯⎯⎯⎯[2/2]⎯[22m[39m
2026-06-29T04:35:59.0195879Z 
2026-06-29T04:35:59.0195916Z 
2026-06-29T04:35:59.0196803Z [2m Test Files [22m [1m[31m1 failed[39m[22m[2m | [22m[1m[32m57 passed[39m[22m[90m (58)[39m
2026-06-29T04:35:59.0198300Z [2m      Tests [22m [1m[31m2 failed[39m[22m[2m | [22m[1m[32m470 passed[39m[22m[90m (472)[39m
2026-06-29T04:35:59.0199294Z [2m   Start at [22m 04:35:22
2026-06-29T04:35:59.0200660Z [2m   Duration [22m 36.27s[2m (transform 1.79s, setup 7.12s, import 24.73s, tests 4.71s, environment 59.78s)[22m
2026-06-29T04:35:59.0201395Z 
2026-06-29T04:35:59.0216357Z 
2026-06-29T04:35:59.0241393Z ##[error]AssertionError: expected [] to have a length of 1 but got +0

Ignored nodes: comments, script, style
<html>
  <head />
  <body>
    <div />
  </body>
</html>

- Expected
+ Received

- 1
+ 0

 ❯ src/hooks/__tests__/useCalendarTasks.test.ts:64:69
 ❯ runWithExpensiveErrorDiagnosticsDisabled node_modules/@testing-library/dom/dist/config.js:47:12
 ❯ checkCallback node_modules/@testing-library/dom/dist/wait-for.js:124:77
 ❯ Timeout.checkRealTimersCallback node_modules/@testing-library/dom/dist/wait-for.js:118:16


2026-06-29T04:35:59.0251857Z 
2026-06-29T04:35:59.0259148Z ##[error]AssertionError: expected [] to have a length of 1 but got +0

Ignored nodes: comments, script, style
<html>
  <head />
  <body>
    <div />
  </body>
</html>

- Expected
+ Received

- 1
+ 0

 ❯ src/hooks/__tests__/useCalendarTasks.test.ts:88:69
 ❯ runWithExpensiveErrorDiagnosticsDisabled node_modules/@testing-library/dom/dist/config.js:47:12
 ❯ checkCallback node_modules/@testing-library/dom/dist/wait-for.js:124:77
 ❯ Timeout.checkRealTimersCallback node_modules/@testing-library/dom/dist/wait-for.js:118:16


2026-06-29T04:35:59.0717751Z ##[error]Process completed with exit code 1.
2026-06-29T04:35:59.0821469Z Post job cleanup.
2026-06-29T04:35:59.0932060Z Post job cleanup.
2026-06-29T04:35:59.1798310Z [command]/usr/bin/git version
2026-06-29T04:35:59.1835974Z git version 2.54.0
2026-06-29T04:35:59.1910917Z Temporarily overriding HOME='/home/runner/work/_temp/a4857e29-308e-4603-be61-79a05e1d98f2' before making global git config changes
2026-06-29T04:35:59.1912477Z Adding repository directory to the temporary git global config as a safe directory
2026-06-29T04:35:59.1917914Z [command]/usr/bin/git config --global --add safe.directory /home/runner/work/prismTask/prismTask
2026-06-29T04:35:59.1949379Z Removing SSH command configuration
2026-06-29T04:35:59.1956056Z [command]/usr/bin/git config --local --name-only --get-regexp core\.sshCommand
2026-06-29T04:35:59.1991054Z [command]/usr/bin/git submodule foreach --recursive sh -c "git config --local --name-only --get-regexp 'core\.sshCommand' && git config --local --unset-all 'core.sshCommand' || :"
2026-06-29T04:35:59.2219140Z Removing HTTP extra header
2026-06-29T04:35:59.2224395Z [command]/usr/bin/git config --local --name-only --get-regexp http\.https\:\/\/github\.com\/\.extraheader
2026-06-29T04:35:59.2267760Z [command]/usr/bin/git submodule foreach --recursive sh -c "git config --local --name-only --get-regexp 'http\.https\:\/\/github\.com\/\.extraheader' && git config --local --unset-all 'http.https://github.com/.extraheader' || :"
2026-06-29T04:35:59.2520355Z Removing includeIf entries pointing to credentials config files
2026-06-29T04:35:59.2530533Z [command]/usr/bin/git config --local --name-only --get-regexp ^includeIf\.gitdir:
2026-06-29T04:35:59.2562632Z includeif.gitdir:/home/runner/work/prismTask/prismTask/.git.path
2026-06-29T04:35:59.2563763Z includeif.gitdir:/home/runner/work/prismTask/prismTask/.git/worktrees/*.path
2026-06-29T04:35:59.2564950Z includeif.gitdir:/github/workspace/.git.path
2026-06-29T04:35:59.2566077Z includeif.gitdir:/github/workspace/.git/worktrees/*.path
2026-06-29T04:35:59.2583682Z [command]/usr/bin/git config --local --get-all includeif.gitdir:/home/runner/work/prismTask/prismTask/.git.path
2026-06-29T04:35:59.2600546Z /home/runner/work/_temp/git-credentials-9d764647-19b8-4611-afee-7fcbd73c9dde.config
2026-06-29T04:35:59.2614688Z [command]/usr/bin/git config --local --unset includeif.gitdir:/home/runner/work/prismTask/prismTask/.git.path /home/runner/work/_temp/git-credentials-9d764647-19b8-4611-afee-7fcbd73c9dde.config
2026-06-29T04:35:59.2656576Z [command]/usr/bin/git config --local --get-all includeif.gitdir:/home/runner/work/prismTask/prismTask/.git/worktrees/*.path
2026-06-29T04:35:59.2681808Z /home/runner/work/_temp/git-credentials-9d764647-19b8-4611-afee-7fcbd73c9dde.config
2026-06-29T04:35:59.2695762Z [command]/usr/bin/git config --local --unset includeif.gitdir:/home/runner/work/prismTask/prismTask/.git/worktrees/*.path /home/runner/work/_temp/git-credentials-9d764647-19b8-4611-afee-7fcbd73c9dde.config
2026-06-29T04:35:59.2733978Z [command]/usr/bin/git config --local --get-all includeif.gitdir:/github/workspace/.git.path
2026-06-29T04:35:59.2758165Z /github/runner_temp/git-credentials-9d764647-19b8-4611-afee-7fcbd73c9dde.config
2026-06-29T04:35:59.2769245Z [command]/usr/bin/git config --local --unset includeif.gitdir:/github/workspace/.git.path /github/runner_temp/git-credentials-9d764647-19b8-4611-afee-7fcbd73c9dde.config
2026-06-29T04:35:59.2806143Z [command]/usr/bin/git config --local --get-all includeif.gitdir:/github/workspace/.git/worktrees/*.path
2026-06-29T04:35:59.2829380Z /github/runner_temp/git-credentials-9d764647-19b8-4611-afee-7fcbd73c9dde.config
2026-06-29T04:35:59.2841068Z [command]/usr/bin/git config --local --unset includeif.gitdir:/github/workspace/.git/worktrees/*.path /github/runner_temp/git-credentials-9d764647-19b8-4611-afee-7fcbd73c9dde.config
2026-06-29T04:35:59.2880460Z [command]/usr/bin/git submodule foreach --recursive git config --local --show-origin --name-only --get-regexp remote.origin.url
2026-06-29T04:35:59.3130077Z Removing credentials config '/home/runner/work/_temp/git-credentials-9d764647-19b8-4611-afee-7fcbd73c9dde.config'
2026-06-29T04:35:59.3273012Z Cleaning up orphan processes
2026-06-29T04:35:59.3582886Z ##[warning]Node.js 20 is deprecated. The following actions target Node.js 20 but are being forced to run on Node.js 24: actions/setup-node@v4. For more information see: https://github.blog/changelog/2025-09-19-deprecation-of-node-20-on-github-actions-runners/


--- Job: web-lint-and-test (id 83977679488) ---
2026-06-29T04:36:06.1915667Z Current runner version: '2.335.1'
2026-06-29T04:36:06.1942379Z ##[group]Runner Image Provisioner
2026-06-29T04:36:06.1943374Z Hosted Compute Agent
2026-06-29T04:36:06.1944075Z Version: 20260611.554
2026-06-29T04:36:06.1944922Z Commit: 5e0782fdc9014723d3be820dd114dd31555c2bd1
2026-06-29T04:36:06.1945774Z Build Date: 2026-06-11T21:40:46Z
2026-06-29T04:36:06.1946799Z Worker ID: {792df481-babb-4d39-99ad-61a2c83ef878}
2026-06-29T04:36:06.1947727Z Azure Region: northcentralus
2026-06-29T04:36:06.1948457Z ##[endgroup]
2026-06-29T04:36:06.1949938Z ##[group]Operating System
2026-06-29T04:36:06.1950649Z Ubuntu
2026-06-29T04:36:06.1951231Z 24.04.4
2026-06-29T04:36:06.1951959Z LTS
2026-06-29T04:36:06.1952559Z ##[endgroup]
2026-06-29T04:36:06.1953216Z ##[group]Runner Image
2026-06-29T04:36:06.1953914Z Image: ubuntu-24.04
2026-06-29T04:36:06.1954626Z Version: 20260622.220.1
2026-06-29T04:36:06.1956195Z Included Software: https://github.com/actions/runner-images/blob/ubuntu24/20260622.220/images/ubuntu/Ubuntu2404-Readme.md
2026-06-29T04:36:06.1958189Z Image Release: https://github.com/actions/runner-images/releases/tag/ubuntu24%2F20260622.220
2026-06-29T04:36:06.1959355Z ##[endgroup]
2026-06-29T04:36:06.1961043Z ##[group]GITHUB_TOKEN Permissions
2026-06-29T04:36:06.1962988Z Actions: read
2026-06-29T04:36:06.1963637Z Checks: read
2026-06-29T04:36:06.1964350Z Contents: write
2026-06-29T04:36:06.1964997Z Metadata: read
2026-06-29T04:36:06.1965622Z PullRequests: read
2026-06-29T04:36:06.1966671Z ##[endgroup]
2026-06-29T04:36:06.1968847Z Secret source: Dependabot
2026-06-29T04:36:06.1969752Z Prepare workflow directory
2026-06-29T04:36:06.2244281Z Prepare all required actions
2026-06-29T04:36:06.2320253Z Complete job name: web-lint-and-test
2026-06-29T04:36:06.2933254Z ##[group]Run if [ 'success' != 'success' ]; then
2026-06-29T04:36:06.2934001Z [36;1mif [ 'success' != 'success' ]; then[0m
2026-06-29T04:36:06.2934783Z [36;1m  echo "web-lint finished with success" >&2[0m
2026-06-29T04:36:06.2935434Z [36;1m  exit 1[0m
2026-06-29T04:36:06.2935911Z [36;1mfi[0m
2026-06-29T04:36:06.2936669Z [36;1mif [ 'failure' != 'success' ]; then[0m
2026-06-29T04:36:06.2937305Z [36;1m  echo "web-unit-tests finished with failure" >&2[0m
2026-06-29T04:36:06.2937891Z [36;1m  exit 1[0m
2026-06-29T04:36:06.2938377Z [36;1mfi[0m
2026-06-29T04:36:06.2938847Z [36;1mif [ 'success' != 'success' ]; then[0m
2026-06-29T04:36:06.2939467Z [36;1m  echo "web-build finished with success" >&2[0m
2026-06-29T04:36:06.2940059Z [36;1m  exit 1[0m
2026-06-29T04:36:06.2940523Z [36;1mfi[0m
2026-06-29T04:36:06.2941127Z [36;1mecho "✓ Split web lint, unit-test shards, and build passed."[0m
2026-06-29T04:36:06.3663677Z shell: /usr/bin/bash -e {0}
2026-06-29T04:36:06.3664892Z ##[endgroup]
2026-06-29T04:36:06.3962925Z web-unit-tests finished with failure
2026-06-29T04:36:06.3984076Z ##[error]Process completed with exit code 1.
2026-06-29T04:36:06.4156210Z Cleaning up orphan processes
